Date,Open,High,Low,Close,Shares Traded,Turnover (Rs. Cr)
09-Nov-15,7788.25,7937.75,7771.7,7915.2,218422388,9376.17
10-Nov-15,7877.6,7885.1,7772.85,7783.35,170267413,7153.47
11-Nov-15,7838.8,7847.95,7819.1,7825,22380435,1123.44
13-Nov-15,7762.45,7775.1,7730.9,7762.25,165876819,7731.55
16-Nov-15,7732.95,7838.85,7714.15,7806.6,154134885,6871.15
17-Nov-15,7848.75,7860.45,7793,7837.55,149451211,6367.14
18-Nov-15,7823.15,7843.4,7725.05,7731.8,148037721,6112.32
19-Nov-15,7788.5,7854.9,7765.45,7842.75,136702518,7410.15
20-Nov-15,7841.9,7906.95,7817.8,7856.55,156610433,7298.01
23-Nov-15,7869.5,7877.5,7825.2,7849.25,130871603,6099.09
24-Nov-15,7837,7870.35,7812.65,7831.6,134562905,6686.27
26-Nov-15,7837.15,7897.1,7832,7883.8,226632193,11054.04
27-Nov-15,7910.6,7959.3,7879.45,7942.7,154863047,7068.72
30-Nov-15,7936.25,7966,7922.8,7935.25,223041699,15368.67
01-Dec-15,7958.15,7972.15,7934.15,7954.9,142945421,6796.67
02-Dec-15,7976.7,7979.3,7910.8,7931.35,130207404,6242.53
03-Dec-15,7902.3,7912.3,7853.3,7864.15,129628400,5636.41
04-Dec-15,7817.6,7821.4,7775.7,7781.9,157231681,7758.36
07-Dec-15,7816.55,7825.4,7746.05,7765.4,141893279,6403.97
08-Dec-15,7738.5,7771.25,7685.45,7701.7,139318392,5986.06
09-Dec-15,7695.5,7702.85,7606.9,7612.5,144315690,6599.6
10-Dec-15,7643.3,7691.95,7610,7683.3,145249292,6492.02
11-Dec-15,7699.6,7703.05,7575.3,7610.45,172996480,6894.44
14-Dec-15,7558.2,7663.95,7551.05,7650.05,153492615,6290.42
15-Dec-15,7659.15,7705,7625.1,7700.9,138479057,6152.14
16-Dec-15,7725.25,7776.6,7715.75,7750.9,159149338,6703.76
17-Dec-15,7783.05,7852.9,7737.55,7844.35,181256780,7367.15
18-Dec-15,7828.9,7836.15,7753.35,7761.95,197319843,8074.5
21-Dec-15,7745.65,7840.75,7733.45,7834.45,130174102,5558.38
22-Dec-15,7829.4,7846.3,7776.85,7786.1,129633328,5028.11
23-Dec-15,7830.45,7871.45,7826.1,7865.95,121480721,4663.45
24-Dec-15,7888.75,7888.75,7835.5,7861.05,96374245,3383.99
28-Dec-15,7863.2,7937.2,7863,7925.15,126737811,5755.48
29-Dec-15,7929.2,7942.15,7902.75,7928.95,116535971,4950.36
30-Dec-15,7938.6,7944.75,7889.85,7896.25,110145855,4392.87
31-Dec-15,7897.8,7955.55,7891.15,7946.35,155645098,6780.85
01-Jan-16,7938.45,7972.55,7909.8,7963.2,64843836,2613.91
04-Jan-16,7924.55,7937.55,7781.1,7791.3,138864905,5897.08
05-Jan-16,7828.4,7831.2,7763.25,7784.65,149672973,5948.51
06-Jan-16,7788.05,7800.95,7721.2,7741,151715828,6722.17
07-Jan-16,7673.35,7674.95,7556.6,7568.3,194732861,7803.21
08-Jan-16,7611.65,7634.1,7581.05,7601.35,162348690,6753.57
11-Jan-16,7527.45,7605.1,7494.35,7563.85,194836791,7327.15
12-Jan-16,7587.2,7588.3,7487.8,7510.3,168975973,7071.48
13-Jan-16,7557.9,7590.95,7425.8,7562.4,221908258,9585.17
14-Jan-16,7467.4,7604.8,7443.8,7536.8,206988549,9246.75
15-Jan-16,7561.65,7566.5,7427.3,7437.8,203643071,8279.07
18-Jan-16,7420.35,7463.65,7336.4,7351,240798183,8431.56
19-Jan-16,7381.8,7462.75,7364.15,7435.1,194068339,7038.84
20-Jan-16,7357,7470.9,7241.5,7309.3,232614141,8794.16
21-Jan-16,7376.65,7398.7,7250,7276.8,248113284,9401.16
22-Jan-16,7355.7,7433.4,7327.6,7422.45,236282061,7666.39
25-Jan-16,7468.75,7487.15,7421.2,7436.15,168202502,5910.99
27-Jan-16,7469.6,7477.9,7419.7,7437.75,193389891,6834.77
28-Jan-16,7426.5,7468.85,7409.6,7424.65,283036298,10049.88
29-Jan-16,7413.35,7575.65,7402.8,7563.55,307934042,11277.33
01-Feb-16,7589.5,7600.45,7541.25,7555.95,206645021,8209.5
02-Feb-16,7566.65,7576.3,7428.05,7455.55,237338907,8030.99
03-Feb-16,7392.45,7419.4,7350.3,7361.8,197863301,6748.17
04-Feb-16,7411.45,7457.05,7365.95,7404,229563364,7465.35
05-Feb-16,7418.25,7503.15,7406.65,7489.1,257518899,8628.24
08-Feb-16,7489.7,7512.55,7363.2,7387.25,176758985,5746.45
09-Feb-16,7303.95,7323.45,7275.15,7298.2,218730280,7415.13
10-Feb-16,7264.3,7271.85,7177.75,7215.7,254481339,8129.65
11-Feb-16,7203.6,7208.65,6959.95,6976.35,301302956,9250.27
12-Feb-16,7023.65,7034.8,6869,6980.95,344210729,11062.63
15-Feb-16,7057.35,7182.8,7056.8,7162.95,365217073,10204.34
16-Feb-16,7201.25,7204.65,7037.7,7048.25,261607451,7638.39
17-Feb-16,7058.85,7123.7,6960.65,7108.45,268017961,7686.32
18-Feb-16,7177.4,7215.1,7127.85,7191.75,254331498,8051.51
19-Feb-16,7170.55,7226.85,7145.95,7210.75,198206480,6156.58
22-Feb-16,7208.85,7252.4,7200.7,7234.55,159162842,5832.89
23-Feb-16,7240.3,7241.7,7090.7,7109.55,200396978,6433.16
24-Feb-16,7075,7090.8,7009.75,7018.7,205898417,6497.18
25-Feb-16,7029.85,7034.2,6961.4,6970.6,291932544,9090.16
26-Feb-16,7039.3,7052.9,6985.1,7029.75,213142575,6880.96
29-Feb-16,7050.45,7094.6,6825.8,6987.05,487969285,15992.15
01-Mar-16,7038.25,7235.5,7035.1,7222.3,283561570,9896.58
02-Mar-16,7321.7,7380.35,7308.15,7368.85,348965708,10983.06
03-Mar-16,7429.55,7483.95,7406.05,7475.6,287248532,9255.43
04-Mar-16,7505.4,7505.9,7444.1,7485.35,290441230,8135.06
08-Mar-16,7486.4,7527.15,7442.15,7485.3,264945393,8417.86
09-Mar-16,7436.1,7539,7424.3,7531.8,252709391,9036.29
10-Mar-16,7545.35,7547.1,7447.4,7486.15,231584305,8875.92
11-Mar-16,7484.85,7543.95,7460.6,7510.2,204806572,7558.55
14-Mar-16,7542.6,7583.7,7515.05,7538.75,172067214,6330.45
15-Mar-16,7535.85,7545.2,7452.8,7460.6,199653871,7577.78
16-Mar-16,7457.05,7508,7405.15,7498.75,201430035,7102.59
17-Mar-16,7557.4,7585.3,7479.4,7512.55,247043954,9539.89
18-Mar-16,7534.65,7613.6,7517.9,7604.35,244727490,9971.59
21-Mar-16,7619.2,7713.55,7617.7,7704.25,202853386,8381.51
22-Mar-16,7695.55,7728.2,7643.8,7714.9,215355848,8628.05
23-Mar-16,7717.45,7726.85,7670.6,7716.5,205794773,7612.54
28-Mar-16,7741,7749.4,7587.7,7615.1,249905118,10102.36
29-Mar-16,7606.55,7652.9,7582.25,7597,223493457,10474.75
30-Mar-16,7651.1,7741.95,7643.45,7735.2,239843751,9908.6
31-Mar-16,7727.65,7777.6,7702,7738.4,391914059,15918.74
01-Apr-16,7718.05,7740.15,7666.1,7713.05,189571551,8118.47
04-Apr-16,7733.15,7764.45,7704.4,7758.8,160277940,6506.44
05-Apr-16,7736.3,7736.3,7588.65,7603.2,210126897,8412.34
06-Apr-16,7636.05,7638.65,7591.75,7614.35,170653808,6802.69
07-Apr-16,7630.4,7630.75,7535.85,7546.45,241684050,7709.23
08-Apr-16,7542.35,7569.35,7526.7,7555.2,147816460,5981.23
11-Apr-16,7577.8,7678.8,7516.85,7671.4,185353268,7055.61
12-Apr-16,7669.25,7717.4,7663.35,7708.95,168508978,6945.44
13-Apr-16,7777.15,7864.8,7772.2,7850.45,227217288,10071.44
18-Apr-16,7908.15,7920.6,7842.75,7914.7,190258561,10356.03
20-Apr-16,7950.05,7950.4,7877.55,7914.75,211630060,10069.83
21-Apr-16,7953.65,7978.45,7884.1,7912.05,230577117,9613.3
22-Apr-16,7891.8,7923.35,7873.35,7899.3,188988540,7714.04
25-Apr-16,7894.8,7911,7827,7855.05,150776959,7362.13
26-Apr-16,7828.15,7974.5,7822.55,7962.65,208656803,9686.21
27-Apr-16,7942,7991,7940.55,7979.9,213174058,9669.04
28-Apr-16,7967.4,7992,7834.45,7847.25,301485186,14943.3
29-Apr-16,7844.25,7889.05,7788.7,7849.8,251227047,9872.58
02-May-16,7822.7,7829.8,7777.3,7805.9,150818181,6079.16
03-May-16,7824.8,7890.25,7735.15,7747,192271370,8536.83
04-May-16,7724.15,7749,7697.25,7706.55,205939089,7816.27
05-May-16,7731,7777.55,7706.85,7735.5,190792828,8089.45
06-May-16,7717.65,7738.9,7678.35,7733.45,168662226,6296.51
09-May-16,7755.25,7873.65,7753.55,7866.05,165616829,7559.77
10-May-16,7873.55,7896.9,7837.7,7887.8,166957276,7306.72
11-May-16,7804.65,7893.1,7780.9,7848.85,220712496,9394.05
12-May-16,7871.45,7916.05,7849.65,7900.4,157444918,7171.91
13-May-16,7881,7881,7784.2,7814.9,185061782,10152.08
16-May-16,7831.2,7873.9,7772.15,7860.75,211547775,7790.24
17-May-16,7896.85,7940.1,7879.7,7890.75,189140810,8195.95
18-May-16,7846.75,7882.05,7810.75,7870.15,161169418,7333.13
19-May-16,7875.5,7876.2,7766.8,7783.4,175711829,7163.38
20-May-16,7792.2,7812.4,7735.75,7749.7,161889432,6798.89
23-May-16,7813.95,7820.6,7722.2,7731.05,177347948,7141.74
24-May-16,7738.05,7761.55,7715.8,7748.85,151538169,6119.23
25-May-16,7811.8,7941.2,7809.3,7934.9,181636649,8202.39
26-May-16,7974.45,8083,7948.5,8069.65,272456307,12422
27-May-16,8081.95,8164.2,8077.05,8156.65,268963949,10607.22
30-May-16,8166.5,8200,8150.8,8178.5,255086293,9199.38
31-May-16,8209.85,8213.6,8134.3,8160.1,485645737,21491.53
01-Jun-16,8179.2,8215.35,8171.05,8179.95,200371829,8408.53
02-Jun-16,8156.9,8229.5,8154.75,8218.95,187316365,8389.69
03-Jun-16,8246.2,8262,8209.85,8220.8,390652017,10762.52
06-Jun-16,8228.75,8234.7,8186.05,8201.05,176885226,7657.92
07-Jun-16,8235.55,8294.95,8216.4,8266.45,249365706,10462.49
08-Jun-16,8285.5,8288.9,8252.05,8273.05,179710369,7614.02
09-Jun-16,8273.35,8273.35,8184.6,8203.6,180293039,7973.1
10-Jun-16,8180.25,8265.6,8162.85,8170.05,187757375,7853.83
13-Jun-16,8102.25,8125.25,8063.9,8110.6,174916286,7343.99
14-Jun-16,8134.4,8134.95,8069.5,8108.85,150042362,6003.23
15-Jun-16,8139.4,8213.2,8123.15,8206.6,174953935,6945.89
16-Jun-16,8180.65,8180.65,8074.45,8140.75,195028743,7764.57
17-Jun-16,8176.65,8195.25,8135.8,8170.2,171842760,7741.9
20-Jun-16,8115.75,8244.15,8107.35,8238.5,173750792,7392.97
21-Jun-16,8255.4,8257.25,8202.15,8219.9,141161921,5978.26
22-Jun-16,8213.65,8238.35,8153.25,8203.7,140268297,6377.69
23-Jun-16,8201.15,8285.6,8188.3,8270.45,158852677,6805.86
24-Jun-16,8029.1,8100.7,7927.05,8088.6,306803641,13263.08
27-Jun-16,8039.35,8120.65,8039.35,8094.7,167462711,7614.06
28-Jun-16,8096.05,8146.35,8086.85,8127.85,175724276,7777.39
29-Jun-16,8173.1,8212.4,8157.65,8204,151499716,6940.87
30-Jun-16,8260.25,8308.15,8242.1,8287.75,288031935,12346.32
01-Jul-16,8313.05,8356.75,8308.65,8328.35,170581881,7358.38
04-Jul-16,8376.75,8398.45,8364.7,8370.7,158955823,6662.92
05-Jul-16,8379.3,8381.45,8319.95,8335.95,143253937,5976.01
07-Jul-16,8342,8361.95,8317.7,8337.9,160327315,7592.94
08-Jul-16,8350,8353.3,8287.55,8323.2,142159935,6886.33
11-Jul-16,8413.35,8475.25,8407.05,8467.9,154399933,7576.69
12-Jul-16,8502.6,8526.6,8479.2,8521.05,189339750,7873.74
13-Jul-16,8540.45,8550.25,8493.55,8519.5,201492184,8284.38
14-Jul-16,8515.75,8571.4,8500.7,8565,158738499,6890.07
15-Jul-16,8565.45,8594.8,8510.05,8541.4,228598684,12375.84
18-Jul-16,8564.05,8587.1,8494.35,8508.7,169400452,8200.06
19-Jul-16,8514.3,8540.05,8476.7,8528.55,173050805,7928.14
20-Jul-16,8515.45,8569.9,8512.55,8565.85,165349380,7936.36
21-Jul-16,8582.7,8585.25,8503.45,8510.1,154575685,7399.71
22-Jul-16,8519.65,8548.95,8489.8,8541.2,147619642,6504
25-Jul-16,8519.95,8641.15,8517.2,8635.65,154631398,7850.12
26-Jul-16,8633.75,8644.9,8577.15,8590.65,159563469,8765.45
27-Jul-16,8599.4,8665,8572.05,8615.8,189796380,10885.88
28-Jul-16,8636.95,8674.7,8625.25,8666.3,240721865,12998.06
29-Jul-16,8668.3,8670.35,8631.15,8638.5,161935155,8428.8
01-Aug-16,8654.3,8711.3,8590.5,8636.55,194186858,9881.67
02-Aug-16,8647.45,8687.2,8611.4,8622.9,174556789,8652.31
03-Aug-16,8635.2,8635.45,8529.6,8544.85,168033073,8507.82
04-Aug-16,8599.95,8601.4,8518.15,8551.1,169780463,7399.03
05-Aug-16,8600.2,8689.4,8590.15,8683.15,162784913,7635.01
08-Aug-16,8712.85,8723.5,8697.6,8711.35,177877012,7862.15
09-Aug-16,8727.8,8728.35,8638.2,8678.25,206261255,9111.4
10-Aug-16,8686.7,8690.1,8564.6,8575.3,178963496,8206.18
11-Aug-16,8572.8,8601.15,8540.05,8592.15,195114539,8634.8
12-Aug-16,8605.45,8684.3,8604.45,8672.15,272014034,11998.86
16-Aug-16,8670.25,8682.35,8600.45,8642.55,231771409,10937.35
17-Aug-16,8639.8,8667.1,8603.6,8624.05,179540691,8161.38
18-Aug-16,8648.85,8690.7,8645.05,8673.25,169431656,7900.6
19-Aug-16,8694.3,8696.6,8647.1,8666.9,197770568,8354.88
22-Aug-16,8667,8684.85,8614,8629.15,156976546,7394.57
23-Aug-16,8628.35,8642.15,8580,8632.6,193302503,7309.82
24-Aug-16,8648.5,8661.05,8620.9,8650.3,154168043,7199.72
25-Aug-16,8668.85,8683.05,8583.65,8592.2,219736214,10508.32
26-Aug-16,8614.35,8622.95,8547.55,8572.55,152146666,7153.37
29-Aug-16,8583.75,8622,8543.75,8607.45,133723771,6857.99
30-Aug-16,8646.75,8750.6,8642.25,8744.35,154828719,8392.76
31-Aug-16,8754.05,8819.2,8754.05,8786.2,373422334,22534.29
01-Sep-16,8793.6,8813.25,8759.95,8774.65,246336047,9653.93
02-Sep-16,8796.35,8824.1,8768.2,8809.65,197385217,8231.93
06-Sep-16,8852.7,8950.85,8848.45,8943,201617132,9571.31
07-Sep-16,8968.7,8968.7,8913.35,8917.95,299145644,11430.95
08-Sep-16,8915.5,8960.35,8896,8952.5,223937056,10773.98
09-Sep-16,8934.3,8939.15,8858.7,8866.7,181344327,9976.28
12-Sep-16,8732.95,8746.95,8699.4,8715.6,190199613,9248.73
14-Sep-16,8710.65,8739.85,8688.9,8726.6,189984289,9112.57
15-Sep-16,8743.85,8751.95,8704.35,8742.55,149889703,7347.34
16-Sep-16,8780.85,8847.65,8750.5,8779.85,274039556,14430.63
19-Sep-16,8788.45,8824.3,8774.2,8808.4,135814177,7364.64
20-Sep-16,8816.1,8816.45,8759.3,8775.9,140718486,7035.07
21-Sep-16,8790.3,8826.85,8757.3,8777.15,153441330,7572.41
22-Sep-16,8873.35,8893.35,8837.8,8867.45,178136644,9305.56
23-Sep-16,8880.75,8885.2,8820.3,8831.55,191618169,9793.98
26-Sep-16,8807.9,8809.55,8715.1,8723.05,169050086,8518.5
27-Sep-16,8748.9,8768.5,8690.5,8706.4,156100521,7446.12
28-Sep-16,8711.2,8767.05,8703.15,8745.15,170643694,8348.19
29-Sep-16,8792.7,8800.65,8558.25,8591.25,384395249,19467.3
30-Sep-16,8581.5,8637.15,8555.2,8611.15,187333285,8849.27
03-Oct-16,8666.15,8745.2,8635,8738.1,141472076,7173.62
04-Oct-16,8770,8783.65,8736.1,8769.15,189990151,8251.59
05-Oct-16,8806.35,8806.95,8731.4,8743.95,162103951,6866.33
06-Oct-16,8768.7,8781.15,8684.65,8709.55,168713605,8114.93
07-Oct-16,8721.7,8723.7,8663.8,8697.6,155053800,8144.3
10-Oct-16,8735.35,8745.8,8703.95,8708.8,111794053,5159.83
13-Oct-16,8671.5,8681.55,8541.35,8573.35,218861324,10581.55
14-Oct-16,8594,8604.45,8549.8,8583.4,167848947,9613.47
17-Oct-16,8612.95,8615.4,8506.15,8520.4,203516577,8590.35
18-Oct-16,8556.05,8685.1,8555.9,8677.9,216626083,9162.11
19-Oct-16,8697.5,8698.75,8636.7,8659.1,177397872,7790.01
20-Oct-16,8693.35,8727,8678.3,8699.4,165952091,7120.32
21-Oct-16,8708.6,8709.1,8652.05,8693.05,162162047,8022.44
24-Oct-16,8709.85,8736.95,8684.15,8708.95,161966274,6876.28
25-Oct-16,8721.7,8722.65,8663.45,8691.3,195696479,8718.02
26-Oct-16,8657.3,8657.3,8596.6,8615.25,226133074,9696.9
27-Oct-16,8607.1,8624.85,8550.25,8615.25,250336333,12300.53
28-Oct-16,8625,8653.75,8581.75,8638,180906084,8953.72
30-Oct-16,8672.35,8678.25,8616.25,8625.7,16610872,805.89
01-Nov-16,8653.15,8669.6,8614.5,8626.25,170068995,8441.3
02-Nov-16,8542.8,8549.5,8504.85,8514,160130480,7683.07
03-Nov-16,8499.85,8537.65,8476.15,8484.95,175773254,7558.06
04-Nov-16,8503.6,8504,8400.25,8433.75,231783152,11798.48
07-Nov-16,8535.75,8535.85,8481.45,8497.05,178070534,8436.7
08-Nov-16,8540,8559.4,8480.1,8543.55,201759648,8515.57
09-Nov-16,8067.5,8476.2,8002.25,8432,323968654,15536.37
10-Nov-16,8555.6,8598.45,8510.7,8525.75,271196930,12386.39
11-Nov-16,8456.65,8460.6,8284.95,8296.3,275221694,12485.11
15-Nov-16,8284.85,8288.55,8093.2,8108.45,370298063,17387.22
16-Nov-16,8205.65,8210.05,8089.4,8111.6,277801233,13705.03
17-Nov-16,8105.1,8151.25,8060.3,8079.95,197183084,8713.06
18-Nov-16,8097.55,8128.95,8048.3,8074.1,166199545,7901.64
21-Nov-16,8102.1,8102.45,7916.4,7929.1,225608889,9199.11
22-Nov-16,7989.15,8019.05,7938.15,8002.3,216677654,9000.44
23-Nov-16,8051.2,8055.2,7973.1,8033.3,186602328,8681.67
24-Nov-16,8011.8,8024.85,7952.55,7965.5,268619026,11868.11
25-Nov-16,8007.95,8122.25,7976.75,8114.3,183355873,8920.79
28-Nov-16,8080.65,8146.5,8066.5,8126.9,195595287,8666.87
29-Nov-16,8131.55,8197.35,8128.7,8142.15,195618384,8486.32
30-Nov-16,8172.15,8234.25,8139.25,8224.5,255725357,14473.78
01-Dec-16,8244,8250.8,8185.05,8192.9,162597213,7720.96
02-Dec-16,8153.55,8159.3,8070.05,8086.8,176767415,8050.5
05-Dec-16,8088.75,8141.9,8056.85,8128.75,130435865,6432.02
06-Dec-16,8153.15,8178.7,8130.85,8143.15,118854323,5417.56
07-Dec-16,8168.4,8190.45,8077.5,8102.05,175024334,7900.03
08-Dec-16,8152.1,8256.25,8151.75,8246.85,146857616,7275.01
09-Dec-16,8271.7,8274.95,8241.95,8261.75,154344775,6866.81
12-Dec-16,8230.65,8230.65,8154.45,8170.8,111432551,5026.02
13-Dec-16,8196.15,8228.85,8155.8,8221.8,189739559,8976.54
14-Dec-16,8229.35,8229.4,8165.1,8182.45,149132520,6763.63
15-Dec-16,8128.4,8225.9,8121.95,8153.6,187425988,8579.44
16-Dec-16,8178.2,8178.7,8127.45,8139.45,209268331,9854.07
19-Dec-16,8126,8132.5,8094.85,8104.35,110669713,5272.2
20-Dec-16,8110.6,8124.1,8062.75,8082.4,132026742,6296.67
21-Dec-16,8105.85,8112.55,8053.25,8061.3,127543733,6304.6
22-Dec-16,8043.85,8046.45,7964.95,7979.1,126409580,6206.58
23-Dec-16,7972.5,8022.6,7942.05,7985.75,127921701,5907.28
26-Dec-16,7965.1,7970.05,7893.8,7908.25,110171222,4808.67
27-Dec-16,7915.05,8044.65,7903.7,8032.85,122463312,5282.66
28-Dec-16,8047.55,8100.55,8028.4,8034.85,130580701,5816.34
29-Dec-16,8030.6,8111.1,8020.8,8103.6,183984077,7635.4
30-Dec-16,8119.65,8197,8114.75,8185.8,131457250,5800.7
02-Jan-17,8210.1,8212,8133.8,8179.5,122016111,5255.49
03-Jan-17,8196.05,8219.1,8148.6,8192.25,131186021,6053.67
04-Jan-17,8202.65,8218.5,8180.9,8190.5,136476345,6543.13
05-Jan-17,8226.65,8282.65,8223.7,8273.8,163957452,8180.68
06-Jan-17,8281.85,8306.85,8233.25,8243.8,143689850,7298.74
09-Jan-17,8259.35,8263,8227.75,8236.05,102211190,5197.62
10-Jan-17,8262.7,8293.8,8261,8288.6,147312927,6904.57
11-Jan-17,8327.8,8389,8322.25,8380.65,192285417,8938.68
12-Jan-17,8391.05,8417.2,8382.3,8407.2,177948383,7359.24
13-Jan-17,8457.65,8461.05,8373.15,8400.35,190949616,9156.16
16-Jan-17,8390.95,8426.7,8374.4,8412.8,127938836,6043.67
17-Jan-17,8415.05,8440.9,8378.3,8398,125781216,6389.21
18-Jan-17,8403.85,8460.3,8397.4,8417,168867039,7411.23
19-Jan-17,8418.4,8445.15,8404.05,8435.1,170956149,7324.14
20-Jan-17,8404.35,8423.65,8340.95,8349.35,208901233,9014.51
23-Jan-17,8329.6,8404.15,8327.2,8391.5,200993100,8664.94
24-Jan-17,8407.05,8480.95,8398.15,8475.8,184745781,8524.17
25-Jan-17,8499.45,8612.6,8493.95,8602.75,301490150,13901.89
27-Jan-17,8610.5,8672.7,8606.9,8641.25,283905821,11568.92
30-Jan-17,8635.55,8662.6,8617.75,8632.75,314110760,9333.49
31-Jan-17,8629.45,8631.75,8552.4,8561.3,537110119,14721.17
01-Feb-17,8570.35,8722.4,8537.5,8716.4,337797412,13494.05
02-Feb-17,8724.75,8757.6,8685.8,8734.25,292329202,11555.02
03-Feb-17,8735.15,8748.25,8707.75,8740.95,196936238,8193.45
06-Feb-17,8785.45,8814.1,8770.2,8801.05,200403782,8701.51
07-Feb-17,8805.7,8809.3,8741.05,8768.3,233294532,9060.63
08-Feb-17,8774.55,8791.25,8715,8769.05,225485726,9110.24
09-Feb-17,8795.55,8821.4,8724.1,8778.4,193282248,8972.67
10-Feb-17,8812.35,8822.1,8771.2,8793.55,232947341,10320.17
13-Feb-17,8819.8,8826.9,8754.2,8805.05,211180353,8659.48
14-Feb-17,8819.9,8820.45,8772.5,8792.3,194133563,8494.44
15-Feb-17,8778.95,8807.9,8712.85,8724.7,222828919,10472.37
16-Feb-17,8739,8783.95,8719.6,8778,190277738,9695.63
17-Feb-17,8883.7,8896.45,8804.25,8821.7,307526025,23432.58
20-Feb-17,8818.55,8886.25,8809.8,8879.2,173022362,7833.53
21-Feb-17,8890.75,8920.8,8860.95,8907.85,181091326,8863.71
22-Feb-17,8931.6,8960.75,8905.25,8926.9,254677956,13514.08
23-Feb-17,8956.4,8982.15,8927.55,8939.5,388874096,17243.08
27-Feb-17,8943.7,8951.8,8888.65,8896.7,195847099,10388.83
28-Feb-17,8898.95,8914.75,8867.6,8879.6,302722890,13819.57
01-Mar-17,8904.4,8960.8,8898.6,8945.8,212328974,9681.99
02-Mar-17,8982.85,8992.5,8879.8,8899.75,225608140,10075.19
03-Mar-17,8883.5,8907.1,8860.1,8897.55,208915878,9783.57
06-Mar-17,8915.1,8967.8,8914,8963.45,180194586,8955.06
07-Mar-17,8977.75,8977.85,8932.8,8946.9,178827506,8149.28
08-Mar-17,8950.7,8957.05,8891.95,8924.3,183325544,9489.36
09-Mar-17,8914.5,8945.8,8899.5,8927,176810453,8493.21
10-Mar-17,8953.7,8975.7,8903.95,8934.55,157419999,7385.28
14-Mar-17,9091.65,9122.75,9060.5,9087,278726933,14087.57
15-Mar-17,9086.85,9106.55,9075.5,9084.8,248033251,9671.51
16-Mar-17,9129.65,9158.45,9128.55,9153.7,215096446,9275.05
17-Mar-17,9207.8,9218.4,9147.6,9160.05,295554265,13226.29
20-Mar-17,9166.95,9167.6,9116.3,9126.85,342395900,9251.16
21-Mar-17,9133.95,9147.75,9087.2,9121.5,255396073,10191.6
22-Mar-17,9047.2,9072.9,9019.3,9030.45,239463699,10065.92
23-Mar-17,9048.75,9099.05,9048.6,9086.3,197705274,8699.36
24-Mar-17,9104,9133.55,9089.4,9108,210021581,8853.03
27-Mar-17,9093.45,9094.85,9024.65,9045.2,209036051,8921.57
28-Mar-17,9081.5,9110.4,9079.8,9100.8,188985603,8139.28
29-Mar-17,9128.7,9153.15,9109.1,9143.8,250902906,11089.43
30-Mar-17,9142.6,9183.15,9136.35,9173.75,333410368,15585.42
31-Mar-17,9158.9,9191.7,9152.1,9173.75,196771674,10955.05
03-Apr-17,9220.6,9245.35,9192.4,9237.85,143444541,8337.06
05-Apr-17,9264.4,9273.9,9215.4,9265.15,190529461,11461.96
06-Apr-17,9245.8,9267.95,9218.85,9261.95,191937207,10332.6
07-Apr-17,9223.7,9250.5,9188.1,9198.3,195918747,10217.13
10-Apr-17,9225.6,9225.65,9174.85,9181.45,139968750,8140.08
11-Apr-17,9184.55,9242.7,9172.85,9237,206261727,9385.2
12-Apr-17,9242.5,9246.4,9161.8,9203.45,166755013,8412.97
13-Apr-17,9202.5,9202.65,9144.95,9150.8,171695600,8908.17
17-Apr-17,9144.75,9160,9120.25,9139.3,132244225,6473.27
18-Apr-17,9163,9217.9,9095.45,9105.15,179569574,8527.5
19-Apr-17,9112.2,9120.5,9075.15,9103.5,179117382,8950.27
20-Apr-17,9108.1,9143.9,9102.65,9136.4,175629897,8843.5
21-Apr-17,9179.1,9183.65,9088.75,9119.4,159981265,8476.63
24-Apr-17,9135.35,9225.4,9130.55,9217.95,172908048,9720.75
25-Apr-17,9273.05,9309.2,9250.35,9306.6,173896951,10426.02
26-Apr-17,9336.2,9367,9301.35,9351.85,191395120,10483.32
27-Apr-17,9359.15,9367.15,9322.65,9342.15,215881711,12910.38
28-Apr-17,9340.95,9342.65,9282.25,9304.05,167229353,8673.32
02-May-17,9339.85,9352.55,9269.9,9313.8,166558241,9110.59
03-May-17,9344.7,9346.3,9298.4,9311.95,156342492,7975.14
04-May-17,9360.95,9365.65,9323.25,9359.9,277895923,12379.74
05-May-17,9374.55,9377.1,9272,9285.3,239133531,10466.68
08-May-17,9311.45,9338.7,9297.95,9314.05,179709949,8300.22
09-May-17,9337.35,9338.95,9307.7,9316.85,136417428,7504.66
10-May-17,9339.65,9414.75,9336,9407.3,157363135,8619.06
11-May-17,9448.6,9450.65,9411.3,9422.4,176439840,9289.89
12-May-17,9436.65,9437.75,9372.55,9400.9,159079418,9813.47
15-May-17,9433.55,9449.25,9423.1,9445.4,145163953,7790.97
16-May-17,9461,9517.2,9456.35,9512.25,171709433,9209.89
17-May-17,9517.6,9532.6,9486.1,9525.75,211856040,10726.23
18-May-17,9453.2,9489.1,9418.1,9429.45,199340647,10782.46
19-May-17,9469.9,9505.75,9390.75,9427.9,259861396,11544.77
22-May-17,9480.25,9498.65,9427.9,9438.25,202874757,9432.97
23-May-17,9445.05,9448.05,9370,9386.15,231345629,11553.27
24-May-17,9410.9,9431.9,9341.65,9360.55,218265181,11045.95
25-May-17,9384.05,9523.3,9379.2,9509.75,298147347,16964.26
26-May-17,9507.75,9604.9,9495.4,9595.1,225647631,11204.36
29-May-17,9560.05,9637.75,9547.7,9604.9,242266034,12484.61
30-May-17,9590.65,9635.3,9581.2,9624.55,199894193,9765.4
31-May-17,9636.55,9649.6,9609.25,9621.25,427053433,19605.94
01-Jun-17,9603.55,9634.65,9589.9,9616.1,181533283,9482.61
02-Jun-17,9657.15,9673.5,9637.45,9653.5,167195027,8564.3
05-Jun-17,9656.3,9687.2,9640.7,9675.1,131685021,7192.24
06-Jun-17,9704.25,9709.3,9630.2,9637.15,150379695,8416.55
07-Jun-17,9663.95,9678.55,9630.55,9663.9,165669924,8989.36
08-Jun-17,9682.4,9688.7,9641.5,9647.25,160165459,8822.63
09-Jun-17,9638.55,9676.25,9608.15,9668.25,163897548,9078.71
12-Jun-17,9646.7,9647.05,9598.5,9616.4,145786938,7686.89
13-Jun-17,9615.55,9654.15,9595.4,9606.9,133734363,7056.83
14-Jun-17,9621.55,9627.4,9580.45,9618.15,187378750,10540.68
15-Jun-17,9617.9,9621.4,9560.8,9578.05,176423424,9868.08
16-Jun-17,9595.45,9615.85,9565.5,9588.05,219808528,11920.62
19-Jun-17,9626.4,9673.3,9614.9,9657.55,146146062,8144.36
20-Jun-17,9670.5,9676.5,9643.75,9653.5,164437226,8476.67
21-Jun-17,9648.1,9650.45,9608.6,9633.6,148490556,8023.4
22-Jun-17,9642.65,9698.85,9617.75,9630,204888654,10738.45
23-Jun-17,9643.25,9647.65,9565.3,9574.95,180580579,9092.74
27-Jun-17,9594.05,9615.4,9473.45,9511.4,209593904,11084.51
28-Jun-17,9520.2,9522.5,9474.35,9491.25,177652206,9103.73
29-Jun-17,9522.95,9575.8,9493.8,9504.1,267283587,13395.85
30-Jun-17,9478.5,9535.8,9448.75,9520.9,185202600,8783.59
03-Jul-17,9587.95,9624,9543.55,9615,188690599,8720.76
04-Jul-17,9645.9,9650.65,9595.5,9613.3,149313755,7774.69
05-Jul-17,9619.75,9643.65,9607.35,9637.6,134849476,7311.1
06-Jul-17,9653.6,9700.7,9639.95,9674.55,152001940,7539.21
07-Jul-17,9670.35,9684.25,9642.65,9665.8,146232151,8514.53
10-Jul-17,9719.3,9782.15,9646.45,9771.05,40142973,1920.78
11-Jul-17,9797.45,9830.05,9778.85,9786.05,185322358,9908.41
12-Jul-17,9807.3,9824.95,9787.7,9816.1,150045594,7966.44
13-Jul-17,9855.8,9897.25,9853.45,9891.7,186866752,10244.56
14-Jul-17,9913.3,9913.3,9845.45,9886.35,164456602,9187.71
17-Jul-17,9908.15,9928.2,9894.7,9915.95,168596771,8310.48
18-Jul-17,9832.7,9885.35,9792.05,9827.15,303007860,13184.22
19-Jul-17,9855.95,9905.05,9851.65,9899.6,206376192,10935.6
20-Jul-17,9920.2,9922.55,9863.45,9873.3,166083004,8942.56
21-Jul-17,9899.6,9924.7,9838,9915.25,193286125,11860.28
24-Jul-17,9936.8,9982.05,9919.6,9966.4,179905535,10837.2
25-Jul-17,10010.55,10011.3,9949.1,9964.55,191206247,10491.32
26-Jul-17,9983.65,10025.95,9965.95,10020.65,203697844,11403.3
27-Jul-17,10063.25,10114.85,10005.5,10020.55,296782048,18601.99
28-Jul-17,9996.55,10026.05,9944.5,10014.5,197491415,11996.8
31-Jul-17,10034.7,10085.9,10016.95,10077.1,245096535,13131.89
01-Aug-17,10101.05,10128.6,10065.75,10114.65,190000516,11515.29
02-Aug-17,10136.3,10137.85,10054.2,10081.5,166463276,9165.92
03-Aug-17,10081.15,10081.15,9998.25,10013.65,198665837,10714.1
04-Aug-17,10008.6,10075.25,9988.35,10066.4,184082134,10397.88
07-Aug-17,10074.8,10088.1,10046.35,10057.4,141566282,7827.95
08-Aug-17,10068.35,10083.8,9947,9978.55,209645343,10780.41
09-Aug-17,9961.15,9969.8,9893.05,9908.05,174395293,8831.72
10-Aug-17,9872.85,9892.65,9776.2,9820.25,242820594,12040.13
11-Aug-17,9712.15,9771.65,9685.55,9710.8,294732998,13435.56
14-Aug-17,9755.75,9818.3,9752.1,9794.15,201613585,9486.82
16-Aug-17,9825.85,9903.95,9773.85,9897.3,226269013,10815.38
17-Aug-17,9945.55,9947.8,9883.75,9904.15,203652311,9927.47
18-Aug-17,9865.95,9865.95,9783.65,9837.4,253931517,15636.16
21-Aug-17,9864.25,9884.35,9740.1,9754.35,211627775,11764
22-Aug-17,9815.75,9828.45,9752.6,9765.55,189267122,9850.89
23-Aug-17,9803.05,9857.9,9786.75,9852.5,173815509,9961.13
24-Aug-17,9881.2,9881.5,9848.85,9857.05,190398702,10392.63
28-Aug-17,9907.15,9925.75,9882,9912.8,164493772,9900.06
29-Aug-17,9886.4,9887.35,9783.75,9796.05,178668444,8469.09
30-Aug-17,9859.5,9909.45,9850.8,9884.4,162704136,8008.72
31-Aug-17,9905.7,9925.1,9856.95,9917.9,337782004,14619.43
01-Sep-17,9937.65,9983.45,9909.85,9974.4,162730656,9314.82
04-Sep-17,9984.15,9988.4,9861,9912.85,153369495,8069.64
05-Sep-17,9933.25,9963.1,9901.05,9952.2,143522342,7566.62
06-Sep-17,9899.25,9931.55,9882.55,9916.2,153767846,8926.98
07-Sep-17,9945.85,9964.85,9917.2,9929.9,194626599,9455.48
08-Sep-17,9958.65,9963.6,9913.3,9934.8,168698771,8792.49
11-Sep-17,9971.75,10028.65,9968.8,10006.05,178409875,9545.94
12-Sep-17,10056.85,10097.55,10028.05,10093.05,188248293,9894.2
13-Sep-17,10099.25,10131.95,10063.15,10079.3,221608053,10682.41
14-Sep-17,10107.4,10126.5,10070.35,10086.6,232637517,11047.46
15-Sep-17,10062.35,10115.15,10043.65,10085.4,274799134,13650.9
18-Sep-17,10133.1,10171.7,10131.3,10153.1,160852680,8106.66
19-Sep-17,10175.6,10178.95,10129.95,10147.55,193345992,8796.21
20-Sep-17,10160.95,10171.05,10134.2,10141.15,205605243,10105.71
21-Sep-17,10139.6,10158.9,10058.6,10121.9,197710666,11114.28
22-Sep-17,10094.35,10095.05,9952.8,9964.4,233621596,11941.88
25-Sep-17,9960.1,9960.5,9816.05,9872.6,228206970,11258.68
26-Sep-17,9875.25,9891.35,9813,9871.5,196792799,9754.02
27-Sep-17,9920.6,9921.05,9714.4,9735.75,206305991,10127.39
28-Sep-17,9736.4,9789.2,9687.55,9768.95,396874518,18962.4
29-Sep-17,9814.3,9854,9775.35,9788.6,202350211,11087.11
03-Oct-17,9893.3,9895.4,9831.05,9859.5,167833406,9698.55
04-Oct-17,9884.35,9938.3,9850.65,9914.9,160993982,8790.29
05-Oct-17,9927,9945.95,9881.85,9888.7,152362417,7823.55
06-Oct-17,9908.15,9989.35,9906.6,9979.7,201858899,9986.18
09-Oct-17,9988.2,10015.75,9959.45,9988.75,148395842,7425.19
10-Oct-17,10013.7,10034,10002.3,10016.95,153246570,8055.5
11-Oct-17,10042.6,10067.25,9955.8,9984.8,195593061,10227.9
12-Oct-17,10011.2,10104.45,9977.1,10096.4,207106672,10579.8
13-Oct-17,10123.7,10191.9,10120.1,10167.45,237230047,12379.8
16-Oct-17,10207.4,10242.95,10175.1,10230.85,209327364,11774.68
17-Oct-17,10227.65,10251.85,10212.6,10234.45,201782377,10422.81
18-Oct-17,10209.4,10236.45,10175.75,10210.85,262111790,13177.83
19-Oct-17,10210.35,10211.95,10123.35,10146.55,31086379,1685.16
23-Oct-17,10176.65,10224.15,10124.5,10184.85,224799211,12144.31
24-Oct-17,10218.55,10237.75,10182.4,10207.7,223914325,11539.73
25-Oct-17,10321.15,10340.55,10240.9,10295.35,612620774,25922.51
26-Oct-17,10291.8,10355.65,10271.85,10343.8,443036008,23135.46
27-Oct-17,10362.3,10366.15,10311.3,10323.05,322411410,15149.9
30-Oct-17,10353.85,10384.5,10344.3,10363.65,244193178,12558.7
31-Oct-17,10364.9,10367.7,10323.95,10335.3,239809700,12830.06
01-Nov-17,10390.35,10451.65,10383.05,10440.5,268270466,14206.21
02-Nov-17,10440.5,10453,10412.55,10423.8,207735021,10779.63
03-Nov-17,10461.55,10461.7,10403.6,10452.5,206101238,10070.83
06-Nov-17,10431.75,10490.45,10413.75,10451.8,199559409,10231.76
07-Nov-17,10477.15,10485.75,10340.8,10350.15,295830692,16182.46
08-Nov-17,10361.95,10384.25,10285.5,10303.15,282950322,14789.39
09-Nov-17,10358.65,10368.45,10266.95,10308.95,247606613,12697.28
10-Nov-17,10304.35,10344.95,10254.1,10321.75,287962940,14682.6
13-Nov-17,10322,10334.15,10216.25,10224.95,216799588,11783.34
14-Nov-17,10223.4,10248,10175.55,10186.6,314413476,15398.97
15-Nov-17,10171.95,10175.45,10094,10118.05,213836202,11609.18
16-Nov-17,10152.9,10232.25,10139.2,10214.75,188180035,9995.55
17-Nov-17,10324.55,10343.6,10268.05,10283.6,209592893,11023.35
20-Nov-17,10287.2,10309.85,10261.5,10298.75,151751415,8502.63
21-Nov-17,10329.25,10358.7,10315.05,10326.9,191859084,10443.99
22-Nov-17,10350.8,10368.7,10309.55,10342.3,162504058,9136.04
23-Nov-17,10358.45,10374.3,10307.3,10348.75,157651842,8789.42
24-Nov-17,10366.8,10404.5,10362.25,10389.7,133177324,8197.66
27-Nov-17,10361.05,10407.15,10340.2,10399.55,146276512,7551.71
28-Nov-17,10387.9,10409.55,10355.2,10370.25,202050866,9979.25
29-Nov-17,10376.65,10392.95,10345.9,10361.3,157192930,8852.8
30-Nov-17,10332.7,10332.7,10211.25,10226.55,353105240,19005.56
01-Dec-17,10263.7,10272.7,10108.55,10121.8,147765528,8518.58
04-Dec-17,10175.05,10179.2,10095.7,10127.75,153240126,8458.66
05-Dec-17,10118.25,10147.95,10069.1,10118.25,160253042,8749.09
06-Dec-17,10088.8,10104.2,10033.35,10044.1,171208366,9598.82
07-Dec-17,10063.45,10182.65,10061.9,10166.7,171339022,9910.28
08-Dec-17,10198.45,10270.85,10195.25,10265.65,206234019,11468.15
11-Dec-17,10310.5,10329.2,10282.05,10322.25,152034656,8453.76
12-Dec-17,10324.9,10326.1,10230.2,10240.15,180546894,10380.24
13-Dec-17,10236.6,10296.55,10169.85,10192.95,187191964,10070.44
14-Dec-17,10229.3,10276.1,10141.55,10252.1,159103960,9549.23
15-Dec-17,10345.65,10373.1,10319.65,10333.25,262974703,15106.77
18-Dec-17,10263.1,10443.55,10074.8,10388.75,237506982,12921.61
19-Dec-17,10414.8,10472.2,10406,10463.2,174340665,10982.95
20-Dec-17,10494.4,10494.45,10437.15,10444.2,180597460,11303
21-Dec-17,10473.95,10473.95,10426.9,10440.3,156646972,9411.2
22-Dec-17,10457.3,10501.1,10448.25,10493,143119167,8755.32
26-Dec-17,10512.3,10545.45,10477.95,10531.5,160417384,9043.77
27-Dec-17,10531.05,10552.4,10469.25,10490.75,170307122,9077.6
28-Dec-17,10498.2,10534.55,10460.45,10477.9,281309989,14551.58
29-Dec-17,10492.35,10538.7,10488.65,10530.7,156736221,8943.1
01-Jan-18,10531.7,10537.85,10423.1,10435.55,134532090,7546.56
02-Jan-18,10477.55,10495.2,10404.65,10442.2,158092430,8665.47
03-Jan-18,10482.65,10503.6,10429.55,10443.2,172516859,9541.6
04-Jan-18,10469.4,10513,10441.45,10504.8,180257392,9561.95
05-Jan-18,10534.25,10566.1,10520.1,10558.85,186469717,10306.22
08-Jan-18,10591.7,10631.2,10588.55,10623.6,174181231,9907.27
09-Jan-18,10645.1,10659.15,10603.6,10637,211291563,10733.37
10-Jan-18,10652.05,10655.5,10592.7,10632.2,181900014,9720.65
11-Jan-18,10637.05,10664.6,10612.35,10651.2,158630055,9635.01
12-Jan-18,10682.55,10690.4,10597.1,10681.25,180592153,11005.12
15-Jan-18,10718.5,10782.65,10713.8,10741.55,181262074,11333.11
16-Jan-18,10761.5,10762.35,10687.85,10700.45,217468081,12709.44
17-Jan-18,10702.45,10803,10666.75,10788.55,260488465,14334.26
18-Jan-18,10873.4,10887.5,10782.4,10817,321609375,17930.3
19-Jan-18,10829.2,10906.85,10793.9,10894.7,214011963,11792.26
22-Jan-18,10883.2,10975.1,10881.4,10966.2,238815813,14469.06
23-Jan-18,10997.4,11092.9,10994.55,11083.7,293445774,16423.91
24-Jan-18,11069.35,11110.1,11046.15,11086,292197072,16915.14
25-Jan-18,11095.6,11095.6,11009.2,11069.65,340469462,19939.54
29-Jan-18,11079.35,11171.55,11075.95,11130.4,249220726,16118.36
30-Jan-18,11120.85,11121.1,11033.9,11049.65,234969503,13232.19
31-Jan-18,11018.8,11058.5,10979.3,11027.7,253462573,14459.69
01-Feb-18,11044.55,11117.35,10878.8,11016.9,315743486,17719.4
02-Feb-18,10938.2,10954.95,10736.1,10760.6,291431992,16542.51
05-Feb-18,10604.3,10702.75,10586.8,10666.55,247479157,13980.63
06-Feb-18,10295.15,10594.15,10276.3,10498.25,274656443,15606.34
07-Feb-18,10607.2,10614,10446.4,10476.7,258095424,13971.66
08-Feb-18,10518.5,10637.8,10479.55,10576.85,239407938,12569.23
09-Feb-18,10416.5,10480.2,10398.2,10454.95,197502912,10602.15
12-Feb-18,10518.2,10555.5,10485.4,10539.75,224114801,11133.78
14-Feb-18,10585.75,10590.55,10456.65,10500.9,236329440,12188.94
15-Feb-18,10537.9,10618.1,10511.05,10545.5,217090245,11035.38
16-Feb-18,10596.2,10612.9,10434.05,10452.3,190043189,10026.71
19-Feb-18,10488.9,10489.35,10302.75,10378.4,193087737,9871.36
20-Feb-18,10391,10429.35,10347.65,10360.4,193464871,9619.95
21-Feb-18,10426,10426.1,10349.6,10397.45,241331542,12996.36
22-Feb-18,10354.35,10397.55,10340.65,10382.7,323259078,17711.46
23-Feb-18,10408.1,10499.1,10396.65,10491.05,217134363,12704.32
26-Feb-18,10526.55,10592.95,10520.2,10582.6,177238616,10274.89
27-Feb-18,10615.2,10631.65,10537.25,10554.3,193250158,10276.42
28-Feb-18,10488.95,10535.5,10461.55,10492.85,294794221,16299.11
01-Mar-18,10479.95,10525.5,10447.15,10458.35,181378504,10179.48
05-Mar-18,10428.3,10428.7,10323.9,10358.85,199975720,10673.92
06-Mar-18,10420.5,10441.35,10215.9,10249.25,229782297,12143.95
07-Mar-18,10232.95,10243.35,10141.55,10154.2,257200599,12128.88
08-Mar-18,10216.25,10270.35,10146.4,10242.65,233377712,11479.51
09-Mar-18,10271.3,10296.7,10211.9,10226.85,192333334,9874.81
12-Mar-18,10301.6,10433.65,10295.45,10421.4,223135459,10968.95
13-Mar-18,10389.5,10478.6,10377.85,10426.85,274852794,23965.25
14-Mar-18,10393.05,10420.35,10336.3,10410.9,186991169,9564.68
15-Mar-18,10405.45,10420,10346.2,10360.15,179308593,8588.01
16-Mar-18,10345.15,10346.3,10180.25,10195.15,338702439,18811.97
19-Mar-18,10215.35,10224.55,10075.3,10094.25,216670033,11111.43
20-Mar-18,10051.55,10155.65,10049.1,10124.35,209327593,10947.12
21-Mar-18,10181.95,10227.3,10132.95,10155.25,211060429,11269.73
22-Mar-18,10167.5,10207.85,10105.4,10114.75,237632983,11558.88
23-Mar-18,9968.8,10027.7,9951.9,9998.05,294515154,14435.17
26-Mar-18,9989.15,10143.5,9958.55,10130.65,270665332,12695.47
27-Mar-18,10188,10207.9,10139.65,10184.15,232713976,11175.79
28-Mar-18,10143.6,10158.35,10096.9,10113.7,354977198,18807.48
02-Apr-18,10151.65,10220.1,10127.75,10211.8,223135459,10968.95
03-Apr-18,10186.85,10255.35,10171.05,10245,211652029,10167.12
04-Apr-18,10274.6,10279.85,10111.3,10128.4,238182921,11861.79
05-Apr-18,10228.45,10331.8,10227.45,10325.15,244116235,11674.92
06-Apr-18,10322.75,10350.45,10290.85,10331.6,206355691,10131.74
09-Apr-18,10333.7,10397.7,10328.5,10379.35,228512954,10714.13
10-Apr-18,10412.9,10424.85,10381.5,10402.25,259523888,11905.12
11-Apr-18,10428.15,10428.15,10355.6,10417.15,258077363,11790.58
12-Apr-18,10410.65,10469.9,10395.25,10458.65,246027888,12249.66
13-Apr-18,10495.3,10519.9,10451.45,10480.6,219724716,12354.55
16-Apr-18,10398.3,10540.15,10396.35,10528.35,200950876,11242.05
17-Apr-18,10557.3,10560.45,10495.65,10548.7,212449535,10501.71
18-Apr-18,10578.9,10594.2,10509.7,10526.2,211823044,9888.65
19-Apr-18,10563.65,10572.2,10546.2,10565.3,270740891,12559.11
20-Apr-18,10560.35,10582.35,10527.45,10564.05,252227268,15372.66
23-Apr-18,10592.8,10638.35,10514.95,10584.7,200203196,13642.67
24-Apr-18,10578.1,10636.8,10569,10614.35,225972673,12281.53
25-Apr-18,10612.4,10612.6,10536.45,10570.55,195129613,11125.11
26-Apr-18,10586.5,10628.4,10559.65,10617.8,345536167,19200.41
27-Apr-18,10651.65,10719.8,10647.55,10692.3,306671172,16886.89
30-Apr-18,10705.75,10759,10704.6,10739.35,179163468,10412.57
02-May-18,10783.85,10784.65,10689.8,10718.05,236757172,14820.58
03-May-18,10720.15,10720.6,10647.45,10679.65,190869804,11018.21
04-May-18,10700.45,10700.45,10601.6,10618.25,192296041,9721.56
07-May-18,10653.15,10725.65,10635.65,10715.5,173620240,9239.44
08-May-18,10757.9,10758.55,10689.4,10717.8,278118616,12783.49
09-May-18,10693.35,10766.25,10689.85,10741.7,222115640,10390.92
10-May-18,10779.65,10785.55,10705,10716.55,197988475,10526.38
11-May-18,10741.95,10812.05,10724.45,10806.5,209392114,10432.43
14-May-18,10815.15,10834.85,10774.75,10806.6,176697512,9075.44
15-May-18,10812.6,10929.2,10781.4,10801.85,262202312,13582.7
16-May-18,10751.95,10790.45,10699.7,10741.1,238221884,11359.48
17-May-18,10775.6,10777.25,10664.5,10682.7,220738923,12506.3
18-May-18,10671.85,10674.95,10589.1,10596.4,229908939,13908.47
21-May-18,10616.7,10621.7,10505.8,10516.7,197294184,11346.13
22-May-18,10518.45,10558.6,10490.55,10536.7,249236637,12017.36
23-May-18,10521.1,10533.55,10417.8,10430.35,299919120,13456.6
24-May-18,10464.85,10535.15,10419.8,10513.85,306792497,12914.16
25-May-18,10533.05,10628.05,10524,10605.15,268914888,12431.16
28-May-18,10648.35,10709.8,10640.55,10688.65,239786001,11764.35
29-May-18,10689.4,10717.25,10616.1,10633.3,232761575,11817.39
30-May-18,10579,10648.7,10558.45,10614.35,246124259,12224.76
31-May-18,10670.1,10763.8,10620.4,10736.15,629198569,29479.77
01-Jun-18,10738.45,10764.75,10681.5,10696.2,227355567,12965.01
04-Jun-18,10765.95,10770.3,10618.35,10628.5,210148313,14120.49
05-Jun-18,10630.7,10633.15,10550.9,10593.15,172898027,10027.54
06-Jun-18,10603.45,10698.35,10587.5,10684.65,195761429,9920.75
07-Jun-18,10722.6,10818,10722.6,10768.35,227663151,11315.24
08-Jun-18,10736.4,10779.45,10709.05,10767.65,215942528,12360.88
11-Jun-18,10781.85,10850.55,10777.05,10786.95,217849903,11384.97
12-Jun-18,10816.15,10856.55,10789.4,10842.85,204419184,11989.07
13-Jun-18,10887.5,10893.25,10842.65,10856.7,220003032,12982.8
14-Jun-18,10832.9,10833.7,10773.55,10808.05,190031664,11659.79
15-Jun-18,10808.65,10834,10755.4,10817.7,314764425,19271.43
18-Jun-18,10830.2,10830.2,10787.35,10799.85,202727202,11182.48
19-Jun-18,10789.45,10789.45,10701.2,10710.45,231382790,12290.16
20-Jun-18,10734.65,10781.8,10724.05,10772.05,199467082,10858.35
21-Jun-18,10808.45,10809.6,10725.9,10741.1,230507383,12211.18
22-Jun-18,10742.7,10837,10710.45,10821.85,236898415,13520.01
25-Jun-18,10822.9,10831.05,10753.05,10762.45,236693278,12012.41
26-Jun-18,10742.7,10805.25,10732.55,10769.15,226846382,12113.53
27-Jun-18,10785.5,10785.5,10652.4,10671.4,253620792,13837.03
28-Jun-18,10660.8,10674.2,10557.7,10589.1,363157327,20187.98
29-Jun-18,10612.85,10723.05,10612.35,10714.3,250327878,14440.17
02-Jul-18,10732.35,10736.15,10604.65,10657.3,304536687,13591.3
03-Jul-18,10668.6,10713.3,10630.25,10699.9,208371545,10896.89
04-Jul-18,10715,10777.15,10677.75,10769.9,179268271,10388.69
05-Jul-18,10786.05,10786.05,10726.25,10749.75,227267176,13676.58
06-Jul-18,10744.15,10816.35,10735.05,10772.65,256547706,14006.48
09-Jul-18,10838.3,10860.35,10807.15,10852.9,189331016,10843.92
10-Jul-18,10902.75,10956.9,10876.65,10947.25,203061980,12834.85
11-Jul-18,10956.4,10976.65,10923,10948.3,229211999,15944.45
12-Jul-18,11006.95,11078.3,10999.65,11023.2,256034815,15787.28
13-Jul-18,11056.9,11071.35,10999.75,11018.9,241670818,14744.56
16-Jul-18,11018.95,11019.5,10926.25,10936.85,216971413,13709.57
17-Jul-18,10939.65,11018.5,10925.6,11008.05,217107580,12649.4
18-Jul-18,11060.2,11076.2,10956.3,10980.45,232502459,13320.2
19-Jul-18,10999.5,11006.5,10935.45,10957.1,222056399,12199.98
20-Jul-18,10963.5,11030.25,10946.2,11010.2,193144113,14105.94
23-Jul-18,11019.85,11093.4,11010.95,11084.75,236153085,14932.51
24-Jul-18,11109,11143.4,11092.5,11134.3,212247395,13931.15
25-Jul-18,11148.4,11157.15,11113.25,11132,212333169,12528.8
26-Jul-18,11132.95,11185.85,11125.7,11167.3,376657398,21595.33
27-Jul-18,11232.75,11283.4,11210.25,11278.35,324343457,15203.09
30-Jul-18,11296.65,11328.1,11261.45,11319.55,287435926,14716.66
31-Jul-18,11311.05,11366,11267.75,11356.5,264430889,15297.4
01-Aug-18,11359.8,11390.55,11313.55,11346.2,278012697,14436.12
02-Aug-18,11328.9,11328.9,11234.95,11244.7,216533127,12267.66
03-Aug-18,11297.8,11368,11294.55,11360.8,225146360,12984.66
06-Aug-18,11401.5,11427.65,11370.6,11387.1,210002582,11321.55
07-Aug-18,11423.15,11428.95,11359.7,11389.45,233409612,12457.71
08-Aug-18,11412.5,11459.95,11379.3,11450,217047641,12422.62
09-Aug-18,11493.25,11495.2,11454.1,11470.7,311521403,15842.76
10-Aug-18,11474.95,11478.75,11419.65,11429.5,336424182,15738.26
13-Aug-18,11369.6,11406.3,11340.3,11355.75,254466760,12899.22
14-Aug-18,11381.7,11452.45,11370.8,11435.1,239841680,13935.35
16-Aug-18,11397.15,11449.85,11366.25,11385.05,299610298,17081.62
17-Aug-18,11437.15,11486.45,11431.8,11470.75,241985503,13275.31
20-Aug-18,11502.1,11565.3,11499.65,11551.75,239843358,14119.93
21-Aug-18,11576.2,11581.75,11539.6,11570.9,231063669,13528.83
23-Aug-18,11620.7,11620.7,11546.7,11582.75,256163842,16117.77
24-Aug-18,11566.6,11604.6,11532,11557.1,225604574,13019.55
27-Aug-18,11605.85,11700.95,11595.6,11691.95,205689327,11707.5
28-Aug-18,11731.95,11760.2,11710.5,11738.5,249420312,13946.7
29-Aug-18,11744.95,11753.2,11678.85,11691.9,259351550,14324.65
30-Aug-18,11694.75,11698.8,11639.7,11676.8,323450305,18275.54
31-Aug-18,11675.85,11727.65,11640.1,11680.5,357230312,20755.73
03-Sep-18,11751.8,11751.8,11567.4,11582.35,241726864,16139.58
04-Sep-18,11598.75,11602.55,11496.85,11520.3,262701030,16254.78
05-Sep-18,11514.85,11542.65,11393.85,11476.95,253689858,15078.23
06-Sep-18,11514.15,11562.25,11436.05,11536.9,255558129,15161
07-Sep-18,11558.25,11603,11484.4,11589.1,305029077,16441.02
10-Sep-18,11570.25,11573,11427.3,11438.1,295597988,16513.89
11-Sep-18,11476.85,11479.4,11274,11287.5,318093125,18745.54
12-Sep-18,11340.1,11380.75,11250.2,11369.9,276509748,15567.9
14-Sep-18,11443.5,11523.25,11430.55,11515.2,285218296,16423.36
17-Sep-18,11464.95,11464.95,11366.9,11377.75,207620518,11294.84
18-Sep-18,11381.55,11411.45,11268.95,11278.9,248298794,13814.11
19-Sep-18,11326.65,11332.05,11210.9,11234.35,258424384,15116.69
21-Sep-18,11271.3,11346.8,10866.45,11143.1,741153209,35131.19
24-Sep-18,11164.4,11170.15,10943.6,10967.4,398815949,23023.34
25-Sep-18,10969.95,11080.6,10882.85,11067.45,417548830,22878.57
26-Sep-18,11145.55,11145.55,10993.05,11053.8,351041146,17803.68
27-Sep-18,11079.8,11089.45,10953.35,10977.55,418210067,22582.86
28-Sep-18,11008.1,11034.1,10850.3,10930.45,492894147,23227.86
01-Oct-18,10930.9,11035.65,10821.55,11008.3,398987274,20391.72
03-Oct-18,10982.7,10989.05,10843.75,10858.25,398756507,21225.59
04-Oct-18,10754.7,10754.7,10547.25,10599.25,438202008,23711.57
05-Oct-18,10514.1,10540.65,10261.9,10316.45,625153832,25254.21
08-Oct-18,10310.15,10398.35,10198.4,10348.05,470279031,22130.94
09-Oct-18,10390.3,10397.6,10279.35,10301.05,443795275,18285.41
10-Oct-18,10331.85,10482.35,10318.25,10460.1,373844130,19592.59
11-Oct-18,10169.8,10335.95,10138.6,10234.65,498509417,21907.13
12-Oct-18,10331.55,10492.45,10322.15,10472.5,354056762,18606.04
15-Oct-18,10524.2,10526.3,10410.15,10512.5,267517728,14372.15
16-Oct-18,10550.15,10604.9,10525.3,10584.75,273444095,15453.03
17-Oct-18,10688.7,10710.15,10436.45,10453.05,293586908,17173.14
19-Oct-18,10339.7,10380.1,10249.6,10303.55,368552204,20505.66
22-Oct-18,10405.85,10408.55,10224,10245.25,306472776,17241.94
23-Oct-18,10152.6,10222.1,10102.35,10146.8,312042090,18114.71
24-Oct-18,10278.15,10290.65,10126.7,10224.75,362272428,19413.24
25-Oct-18,10135.05,10166.6,10079.3,10124.9,522421914,23503.76
26-Oct-18,10122.35,10128.85,10004.55,10030,375563273,16120.14
29-Oct-18,10078.1,10275.3,10020.35,10250.85,375749433,17514.85
30-Oct-18,10239.4,10285.1,10175.35,10198.4,298753965,14789.51
31-Oct-18,10209.55,10396,10105.1,10386.6,386618948,21513.85
01-Nov-18,10441.7,10441.9,10341.9,10380.45,359340403,18111.88
02-Nov-18,10462.3,10606.95,10457.7,10553,434175607,21758.8
05-Nov-18,10558.75,10558.8,10477,10524,311176379,14761.17
06-Nov-18,10552,10600.25,10491.45,10530,309878810,14006.19
07-Nov-18,10614.45,10616.45,10582.3,10598.4,32194181,1534.08
09-Nov-18,10614.7,10619.55,10544.85,10585.2,305817331,15294.83
12-Nov-18,10607.8,10645.5,10464.05,10482.2,267710127,13445.33
13-Nov-18,10451.9,10596.25,10440.55,10582.5,262541595,13078.98
14-Nov-18,10634.9,10651.6,10532.7,10576.3,396373781,19374.89
15-Nov-18,10580.6,10646.5,10557.5,10616.7,306011926,14937.67
16-Nov-18,10644,10695.15,10631.15,10682.2,353384918,16728.88
19-Nov-18,10731.25,10774.7,10688.8,10763.4,280522364,13540.9
20-Nov-18,10740.1,10740.85,10640.85,10656.2,304322623,13077.24
21-Nov-18,10670.95,10671.3,10562.35,10600.05,310191008,15382.32
22-Nov-18,10612.65,10646.25,10512,10526.75,246926671,12254.36
26-Nov-18,10568.3,10637.8,10489.75,10628.6,332863041,15927.25
27-Nov-18,10621.45,10695.15,10596.35,10685.6,382834178,17296.28
28-Nov-18,10708.75,10757.8,10699.85,10728.85,437627174,17737.28
29-Nov-18,10808.7,10883.05,10782.35,10858.7,712650890,26283.43
30-Nov-18,10892.1,10922.45,10835.1,10876.75,467857329,19964.33
03-Dec-18,10930.7,10941.2,10845.35,10883.75,422358631,18484.91
04-Dec-18,10877.1,10890.95,10833.35,10869.5,332137359,15857.16
05-Dec-18,10820.45,10821.05,10747.95,10782.9,322019985,15176.26
06-Dec-18,10718.15,10722.65,10588.25,10601.15,328275196,16488.87
07-Dec-18,10644.8,10704.55,10599.35,10693.7,335849636,18597.83
10-Dec-18,10508.7,10558.85,10474.95,10488.45,393097292,16524.36
11-Dec-18,10350.05,10567.15,10333.85,10549.15,438699334,20112.91
12-Dec-18,10591,10752.2,10560.8,10737.6,371697496,17447.45
13-Dec-18,10810.75,10838.6,10749.5,10791.55,387810061,17582.8
14-Dec-18,10784.5,10815.75,10752.1,10805.45,350579275,14486.1
17-Dec-18,10853.2,10900.35,10844.85,10888.35,306145514,12528.59
18-Dec-18,10850.9,10915.4,10819.1,10908.7,294942271,13556.45
19-Dec-18,10930.55,10985.15,10928,10967.3,321801803,17172.64
20-Dec-18,10885.2,10962.55,10880.05,10951.7,328802751,14945.94
21-Dec-18,10944.25,10963.65,10738.65,10754,389235107,18663.85
24-Dec-18,10780.9,10782.3,10649.25,10663.5,230291344,10695.6
26-Dec-18,10635.45,10747.5,10534.55,10729.85,271942701,12831.99
27-Dec-18,10817.9,10834.2,10764.45,10779.8,470160392,19119.88
28-Dec-18,10820.95,10893.6,10817.15,10859.9,253086507,12615.01
31-Dec-18,10913.2,10923.55,10853.2,10862.55,186494657,10176.13
01-Jan-19,10881.7,10923.6,10807.1,10910.1,159404542,8688.26
02-Jan-19,10868.85,10895.35,10735.05,10792.5,309665939,15352.25
03-Jan-19,10796.8,10814.05,10661.25,10672.25,286241745,15030.45
04-Jan-19,10699.7,10741.05,10628.65,10727.35,296596655,14516.74
07-Jan-19,10804.85,10835.95,10750.15,10771.8,269371080,12731.29
08-Jan-19,10786.25,10818.45,10733.25,10802.15,277697672,13433.48
09-Jan-19,10862.4,10870.4,10749.4,10855.15,333010535,16213.3
10-Jan-19,10859.35,10859.35,10801.8,10821.6,254365477,12031.26
11-Jan-19,10834.75,10850.15,10739.4,10794.95,260792200,13084.6
14-Jan-19,10807,10808,10692.35,10737.6,298774178,12732.57
15-Jan-19,10777.55,10896.95,10777.55,10886.8,310737078,14879.91
16-Jan-19,10899.65,10928.15,10876.9,10890.3,276539042,13081.63
17-Jan-19,10920.85,10930.65,10844.65,10905.2,271676319,13215.83
18-Jan-19,10914.85,10928.2,10852.2,10906.95,323814108,16408.83
21-Jan-19,10919.35,10987.45,10885.75,10961.85,288829125,17289.7
22-Jan-19,10949.8,10949.8,10864.15,10922.75,300768112,17483.62
23-Jan-19,10931.05,10944.8,10811.95,10831.5,298876314,14736.91
24-Jan-19,10844.05,10866.6,10798.65,10849.8,361082096,15298.48
25-Jan-19,10859.75,10931.7,10756.45,10780.55,463444758,20542.36
28-Jan-19,10792.45,10804.45,10630.95,10661.55,419682627,21144.33
29-Jan-19,10653.7,10690.35,10583.65,10652.2,356908994,18832.06
30-Jan-19,10702.25,10710.2,10612.85,10651.8,410107910,21214.81
31-Jan-19,10690.55,10838.05,10678.55,10830.95,604818027,27471.18
01-Feb-19,10851.35,10983.45,10813.45,10893.65,482272661,23112.37
04-Feb-19,10876.75,10927.9,10814.15,10912.25,318300039,15478.81
05-Feb-19,10908.65,10956.7,10886.7,10934.35,268095127,13435.13
06-Feb-19,10965.1,11072.6,10962.7,11062.45,298510497,15172.85
07-Feb-19,11070.45,11118.1,11043.6,11069.4,263544426,13542.69
08-Feb-19,11023.5,11041.2,10925.45,10943.6,352787419,15507.05
11-Feb-19,10930.9,10930.9,10857.1,10888.8,285985383,13818.92
12-Feb-19,10879.7,10910.9,10823.8,10831.4,292314643,14424.78
13-Feb-19,10870.55,10891.65,10772.1,10793.65,321958549,15360.98
14-Feb-19,10786.1,10792.7,10718.75,10746.05,627041405,20797.41
15-Feb-19,10780.25,10785.75,10620.4,10724.4,521876968,20733.95
18-Feb-19,10738.65,10759.9,10628.4,10640.95,345440240,14903.19
19-Feb-19,10636.7,10722.85,10585.65,10604.35,291507060,13765.01
20-Feb-19,10655.45,10752.7,10646.4,10735.45,289195306,13209.71
21-Feb-19,10744.1,10808.85,10721.5,10789.85,279584955,14758.5
22-Feb-19,10782.7,10801.55,10758.4,10791.65,396846597,24386.42
25-Feb-19,10813.25,10887.1,10788.05,10880.1,385905142,16466.09
26-Feb-19,10775.3,10888.75,10729.3,10835.3,414954476,19186.75
27-Feb-19,10881.2,10939.7,10751.2,10806.65,381080073,18313.85
28-Feb-19,10865.7,10865.7,10784.85,10792.5,644159018,27123.34
01-Mar-19,10842.65,10877.9,10823.1,10863.5,308526309,15010.06
05-Mar-19,10864.85,10994.9,10817,10987.45,373220239,17960.03
06-Mar-19,11024.85,11062.3,10998.85,11053,372550850,17850.93
07-Mar-19,11077.95,11089.05,11027.1,11058.2,321208766,15321.68
08-Mar-19,11038.85,11049,11008.95,11035.4,326569833,14369.77
11-Mar-19,11068.75,11180.9,11059.85,11168.05,352242287,17349.95
12-Mar-19,11231.35,11320.4,11227,11301.2,391310519,20861.35
13-Mar-19,11326.2,11352.3,11276.6,11341.7,382996187,20851.67
14-Mar-19,11382.5,11383.45,11313.75,11343.25,294480678,15661.05
15-Mar-19,11376.85,11487,11370.8,11426.85,463704896,25143.26
18-Mar-19,11473.85,11530.15,11412.5,11462.2,320250041,16942.22
19-Mar-19,11500.3,11543.85,11451.25,11532.4,326099667,16179.92
20-Mar-19,11553.35,11556.1,11503.1,11521.05,366298049,18311.44
22-Mar-19,11549.2,11572.8,11434.55,11456.9,386193935,19755.74
25-Mar-19,11395.65,11395.65,11311.6,11354.25,294459196,14101.14
26-Mar-19,11375.2,11496.75,11352.45,11483.25,282575496,14611.68
27-Mar-19,11531.45,11546.2,11413,11445.05,350446089,18356.52
28-Mar-19,11463.65,11588.5,11452.45,11570,527678809,25719.65
29-Mar-19,11625.45,11630.35,11570.15,11623.9,416276981,20515.25
01-Apr-19,11665.2,11738.1,11644.75,11669.15,379572660,18977.99
02-Apr-19,11711.55,11729.35,11655.85,11713.2,386131413,18673.7
03-Apr-19,11735.3,11761,11629.15,11643.95,365760070,19050.95
04-Apr-19,11660.2,11662.55,11559.2,11598,349029830,19713.01
05-Apr-19,11638.4,11689.65,11609.5,11665.95,266665797,15000.35
08-Apr-19,11704.35,11710.3,11549.1,11604.5,260932608,14203.96
09-Apr-19,11612.05,11683.9,11569.7,11671.95,300467538,15984.39
10-Apr-19,11646.85,11680.05,11571.75,11584.3,359941110,22258.46
11-Apr-19,11592.55,11606.7,11550.55,11596.7,279775726,14332.2
12-Apr-19,11612.85,11657.35,11578.8,11643.45,246006184,13598.61
15-Apr-19,11667,11704.6,11648.25,11690.35,289996075,15635.79
16-Apr-19,11736.2,11810.95,11731.55,11787.15,354315040,17585.48
18-Apr-19,11856.15,11856.15,11738.5,11752.8,339653709,18271.27
22-Apr-19,11727.05,11727.05,11583.95,11594.45,260356055,13754.12
23-Apr-19,11612.95,11645.95,11564.8,11575.95,272544486,14500.53
24-Apr-19,11601.5,11740.85,11578.85,11726.15,335196513,17046.66
25-Apr-19,11735.7,11796.75,11624.3,11641.8,604360395,28254.3
26-Apr-19,11683.75,11762.9,11661.75,11754.65,333483764,18098.83
30-Apr-19,11748.75,11756.25,11655.9,11748.15,532630874,23324.98
02-May-19,11725.55,11789.3,11699.55,11724.75,380278045,17790.06
03-May-19,11722.6,11770.9,11699.35,11712.25,305519934,15156.32
06-May-19,11605.8,11632.55,11571.35,11598.25,299046480,14703.42
07-May-19,11651.5,11657.05,11484.45,11497.9,337495624,16632.84
08-May-19,11478.7,11479.1,11346.95,11359.45,372826025,17440.01
09-May-19,11322.4,11357.6,11255.05,11301.8,373028059,17602.86
10-May-19,11314.15,11345.8,11251.05,11278.9,387323416,18085.19
13-May-19,11258.7,11300.2,11125.6,11148.2,357586433,16722.91
14-May-19,11151.65,11294.75,11108.3,11222.05,398122725,19906.38
15-May-19,11271.7,11286.8,11136.95,11157,414174258,17931.75
16-May-19,11180.35,11281.55,11143.35,11257.1,350734572,15629.57
17-May-19,11261.9,11426.15,11259.85,11407.15,412109200,20177.63
20-May-19,11651.9,11845.2,11591.7,11828.25,452096261,25223.78
21-May-19,11863.65,11883.55,11682.8,11709.1,381038129,20324.67
22-May-19,11727.95,11784.8,11682.4,11737.9,355870667,19582.41
23-May-19,11901.3,12041.15,11614.5,11657.05,569030654,31180.08
24-May-19,11748,11859,11658.1,11844.1,374637415,20028.49
27-May-19,11855.5,11957.15,11812.4,11924.75,348356214,17735.36
28-May-19,11958.35,11958.55,11864.9,11928.75,598308334,28833.54
29-May-19,11905.8,11931.9,11836.8,11861.1,318068673,15985.92
30-May-19,11865.3,11968.55,11859.4,11945.9,421199867,20261.85
31-May-19,11999.8,12039.25,11829.45,11922.8,438879129,22789
03-Jun-19,11953.75,12103.05,11920.1,12088.55,315296955,17451.36
04-Jun-19,12052.65,12095.2,12005.85,12021.65,289221904,15308.28
06-Jun-19,12039.8,12039.8,11830.25,11843.75,415206942,21144.77
07-Jun-19,11865.2,11897.5,11769.5,11870.65,302455910,14939.4
10-Jun-19,11934.9,11975.05,11871.75,11922.7,303329445,13125.41
11-Jun-19,11959.85,12000.35,11904.35,11965.6,332181958,15392.28
12-Jun-19,11962.45,11962.45,11866.35,11906.2,283718253,14120.17
13-Jun-19,11873.9,11931.35,11817.05,11914.05,447901993,18680.91
14-Jun-19,11910.1,11911.85,11797.7,11823.3,390294634,16226.57
17-Jun-19,11844,11844.05,11657.75,11672.15,295528399,13851.67
18-Jun-19,11677.05,11727.2,11641.15,11691.5,365525622,16120.69
19-Jun-19,11744.45,11802.5,11625.1,11691.45,446933027,18722.71
20-Jun-19,11653.65,11843.5,11635.05,11831.75,442016954,18839.11
21-Jun-19,11827.6,11827.95,11705.1,11724.1,468430388,23346.13
24-Jun-19,11725.8,11754,11670.2,11699.65,277620788,12631.38
25-Jun-19,11681,11814.4,11651,11796.45,300476353,13822.83
26-Jun-19,11768.15,11871.85,11757.55,11847.55,327885018,14650.89
27-Jun-19,11860.85,11911.15,11821.05,11841.55,480169350,23300.3
28-Jun-19,11861.15,11871.7,11775.5,11788.85,303888701,15191.9
01-Jul-19,11839.9,11884.65,11830.8,11865.6,278415889,12874.96
02-Jul-19,11890.3,11917.45,11814.7,11910.3,363197036,13615.94
03-Jul-19,11932.15,11945.2,11887.05,11916.75,340527508,14290.33
04-Jul-19,11928.8,11969.25,11923.65,11946.75,333595172,14758.87
05-Jul-19,11964.75,11981.75,11797.9,11811.15,530720039,18871.99
08-Jul-19,11770.4,11771.9,11523.3,11558.6,464029444,19146.25
09-Jul-19,11531.6,11582.55,11461,11555.9,442520253,21577.95
10-Jul-19,11536.15,11593.7,11475.65,11498.9,337571014,16098.53
11-Jul-19,11561.45,11599,11519.5,11582.9,317257578,14586.2
12-Jul-19,11601.15,11639.55,11538.6,11552.5,359421182,16947.57
15-Jul-19,11614.75,11618.4,11532.3,11588.35,368788782,15835.99
16-Jul-19,11596.65,11670.05,11573.95,11662.6,480156167,15967.91
17-Jul-19,11670.75,11706.65,11651.15,11687.5,464827734,15250.5
18-Jul-19,11675.6,11677.15,11582.4,11596.9,498258158,16684.03
19-Jul-19,11627.95,11640.35,11399.3,11419.25,446049198,17326.4
22-Jul-19,11392.85,11398.15,11301.25,11346.2,516044335,19304.23
23-Jul-19,11372.25,11398.15,11302.8,11331.05,458931191,19199.32
24-Jul-19,11322.45,11359.75,11229.8,11271.3,413202832,18353.13
25-Jul-19,11290.4,11361.4,11239.35,11252.15,553676897,24329.21
26-Jul-19,11247.45,11307.6,11210.05,11284.3,522670420,20350.38
29-Jul-19,11307.5,11310.95,11152.4,11189.2,482862376,18705.92
30-Jul-19,11213.7,11267.45,11072.65,11085.4,479059399,20545.71
31-Jul-19,11034.05,11145.3,10999.4,11118,536694278,23681.22
01-Aug-19,11060.2,11076.75,10881,10980,499918953,21048.32
02-Aug-19,10930.3,11080.15,10848.95,10997.35,547416246,23972.04
05-Aug-19,10895.8,10895.8,10782.6,10862.6,506556609,20824.1
06-Aug-19,10815.4,11018.55,10813.8,10948.25,517891491,21676.4
07-Aug-19,10958.1,10975.65,10835.9,10855.5,548465787,21228.28
08-Aug-19,10899.2,11058.05,10842.95,11032.45,482471622,20667.6
09-Aug-19,11087.9,11181.45,11062.8,11109.65,538063563,21092.05
13-Aug-19,11139.4,11145.9,10901.6,10925.85,624634647,24790.67
14-Aug-19,11003.25,11078.15,10935.6,11029.4,511541716,19712.81
16-Aug-19,11043.65,11068.65,10924.3,11047.8,470909918,19281.91
19-Aug-19,11094.8,11146.9,11037.85,11053.9,369493161,14120.35
20-Aug-19,11063.9,11076.3,10985.3,11017,444715679,16915.96
21-Aug-19,11018.15,11034.2,10906.65,10918.7,557867906,16747.99
22-Aug-19,10905.3,10908.25,10718.3,10741.35,668193449,18764.38
23-Aug-19,10699.6,10862.55,10637.15,10829.35,667079625,20983.75
26-Aug-19,11000.3,11070.3,10756.55,11057.85,684141923,22375.99
27-Aug-19,11106.55,11141.75,11049.5,11105.35,685551267,27413.16
28-Aug-19,11101.3,11129.65,10987.65,11046.1,549954696,16739.43
29-Aug-19,10996.05,11021.1,10922.4,10948.3,649876160,20127.77
30-Aug-19,10987.8,11042.6,10874.8,11023.25,628154431,21057.31
03-Sep-19,10960.95,10967.5,10772.7,10797.9,483038985,16595.6
04-Sep-19,10790.4,10858.75,10746.35,10844.65,508784352,19195.1
05-Sep-19,10860.95,10920.1,10816,10847.9,595699267,18279.88
06-Sep-19,10883.8,10957.05,10867.45,10946.2,497214445,18167.78
09-Sep-19,10936.7,11028.85,10889.8,11003.05,412471067,14762.07
11-Sep-19,11028.5,11054.8,11011.65,11035.7,687140326,19550.59
12-Sep-19,11058.3,11081.75,10964.95,10982.8,551436050,17510.17
13-Sep-19,10986.8,11084.45,10945.75,11075.9,624305151,18012.76
16-Sep-19,10994.85,11052.7,10968.2,11003.5,434449776,15786.17
17-Sep-19,11000.1,11000.1,10796.5,10817.6,482013044,17721.93
18-Sep-19,10872.8,10885.15,10804.85,10840.65,519155072,16784.43
19-Sep-19,10845.2,10845.2,10670.25,10704.8,642599183,16642.83
20-Sep-19,10746.8,11381.9,10691,11274.2,1356767450,54081.53
23-Sep-19,11542.7,11694.85,11471.35,11600.2,882826741,40005.01
24-Sep-19,11590.7,11655.05,11539.2,11588.2,651722255,26930.07
25-Sep-19,11564.85,11564.95,11416.1,11440.2,629054640,25266.24
26-Sep-19,11469.85,11610.85,11466.35,11571.2,844465614,30707.84
27-Sep-19,11556.35,11593.6,11499.75,11512.4,650017280,19036.94
30-Sep-19,11491.15,11508.25,11390.8,11474.45,756848686,23748.07
01-Oct-19,11515.4,11554.2,11247.9,11359.9,1305415159,28972.72
03-Oct-19,11322.25,11370.4,11257.35,11314,1017479514,21658.38
04-Oct-19,11388.45,11400.3,11158.35,11174.75,928524450,22470.76
07-Oct-19,11196.2,11233.85,11112.65,11126.4,733198763,18641.37
09-Oct-19,11152.95,11321.6,11090.15,11313.3,741148639,20961.54
10-Oct-19,11280.5,11293.35,11208.55,11234.55,562017945,19234.31
11-Oct-19,11257.7,11362.9,11189.4,11305.05,737795150,22511.39
14-Oct-19,11335.9,11420.45,11290.05,11341.15,587579191,17499.48
15-Oct-19,11360.85,11462.35,11342.1,11428.3,527396180,17041.55
16-Oct-19,11464.95,11481.05,11411.1,11464,533468525,18266.06
17-Oct-19,11466.3,11599.1,11439.65,11586.35,797572398,20839.2
18-Oct-19,11580.3,11684.7,11553.15,11661.85,853440208,22315.99
22-Oct-19,11657.15,11714.35,11573.65,11588.35,867601307,29726.27
23-Oct-19,11596.2,11651.6,11554.4,11604.1,664159887,23397.69
24-Oct-19,11661.65,11679.6,11534.65,11582.6,700481662,25177.46
25-Oct-19,11646.15,11646.9,11490.75,11583.9,812027840,23611.51
27-Oct-19,11662.25,11672.4,11604.6,11627.15,161779004,3548.21
29-Oct-19,11643.95,11809.4,11627.35,11786.85,951722529,27054.87
30-Oct-19,11883.9,11883.95,11784.45,11844.1,725219760,22672.18
31-Oct-19,11890.45,11945,11855.1,11877.45,1414837250,31304.73
01-Nov-19,11886.6,11918.3,11843.35,11890.6,855338495,24933.55
04-Nov-19,11928.9,11989.15,11905.35,11941.3,823050457,23203.88
05-Nov-19,11974.6,11978.95,11861.9,11917.2,631952071,20995.88
06-Nov-19,11911.5,12002.9,11850.25,11966.05,603351290,23324.97
07-Nov-19,12021.1,12021.4,11946.85,12012.05,562963817,20898.24
11-Nov-19,11879.2,11932.65,11853.95,11913.45,548979515,16548.47
13-Nov-19,11908.3,11946.8,11823.2,11840.45,659035969,20401.5
14-Nov-19,11858.75,11895.65,11802.65,11872.1,559494025,19114.86
15-Nov-19,11904.2,11973.65,11879.25,11895.45,580154179,22350.63
18-Nov-19,11915.15,11946.2,11867.6,11884.5,514352437,17991.41
19-Nov-19,11919.45,11958.85,11881.75,11940.1,613909679,21574.84
20-Nov-19,12004.75,12038.6,11966.05,11999.1,646661147,24341.14
21-Nov-19,12025.65,12028.2,11956.9,11968.4,557685781,21609.99
22-Nov-19,11967.3,11968.1,11883.5,11914.4,486815185,19243.57
25-Nov-19,11922.45,12084.5,11919.75,12073.75,534289467,19990.44
26-Nov-19,12110.2,12132.45,12006.35,12037.7,1201335831,46030.62
27-Nov-19,12068.5,12114.9,12055.15,12100.7,584226618,19937.4
28-Nov-19,12132.1,12158.8,12099.95,12151.15,620479403,21229.58
29-Nov-19,12146.2,12147.4,12017.4,12056.05,804430391,21838.04
02-Dec-19,12137.05,12137.15,12023.7,12048.2,720945335,23113.18
03-Dec-19,12067.65,12068.6,11956.4,11994.2,605789334,18203.76
04-Dec-19,11969.95,12054.7,11935.3,12043.2,747193818,22132.83
05-Dec-19,12071.25,12081.2,11998.75,12018.4,562228745,19589.81
06-Dec-19,12047.35,12057.05,11888.85,11921.5,609221205,18245.49
09-Dec-19,11939.1,11981.95,11888.05,11937.5,599115748,16672.87
10-Dec-19,11950.5,11953.2,11844.7,11856.8,650219487,16514.63
11-Dec-19,11867.35,11923.2,11832.3,11910.15,997655048,18760.57
12-Dec-19,11944.3,12005.5,11934,11971.8,752617138,18401.22
13-Dec-19,12026.4,12098.85,12023.6,12086.7,597712516,20626.8
16-Dec-19,12131.35,12134.65,12046.3,12053.95,437703921,16110.34
17-Dec-19,12082.45,12182.75,12070.35,12165,499585789,20968.79
18-Dec-19,12197,12237.7,12163.45,12221.65,518854651,22341.06
19-Dec-19,12223.4,12268.35,12191.15,12259.7,623049839,19761.9
20-Dec-19,12266.45,12293.9,12252.75,12271.8,810676090,25750.24
23-Dec-19,12235.45,12287.15,12213.25,12262.75,604782354,18078.23
24-Dec-19,12269.25,12283.7,12202.1,12214.55,470290298,13864.56
26-Dec-19,12211.85,12221.55,12118.85,12126.55,520326632,16362.31
27-Dec-19,12172.9,12258.45,12157.9,12245.8,383788556,13676.2
30-Dec-19,12274.9,12286.45,12213.8,12255.85,411084614,14556.73
31-Dec-19,12247.1,12247.1,12151.8,12168.45,426931711,14812.89
01-Jan-20,12202.15,12222.2,12165.3,12182.5,304078039,10445.68
02-Jan-20,12198.55,12289.9,12195.25,12282.2,407697594,15256.55
03-Jan-20,12261.1,12265.6,12191.35,12226.65,428770054,16827.27
06-Jan-20,12170.6,12179.1,11974.2,11993.05,396501419,16869.22
07-Jan-20,12079.1,12152.15,12005.35,12052.95,447818617,17797.68
08-Jan-20,11939.1,12044.95,11929.6,12025.35,445991640,18281.15
09-Jan-20,12153.15,12224.05,12132.55,12215.9,477469878,18456.64
10-Jan-20,12271,12311.2,12213.2,12256.8,660627930,18818.62
13-Jan-20,12296.7,12337.75,12285.8,12329.55,500968242,17522.13
14-Jan-20,12333.1,12374.25,12308.7,12362.3,616260555,17948.92
15-Jan-20,12349.4,12355.15,12278.75,12343.3,684352965,17882.51
16-Jan-20,12347.1,12389.05,12315.8,12355.5,395670245,16004.06
17-Jan-20,12328.4,12385.45,12321.4,12352.35,502060615,21397.63
20-Jan-20,12430.5,12430.5,12216.9,12224.55,491609317,21415.43
21-Jan-20,12195.3,12230.05,12162.3,12169.85,443976442,18682.65
22-Jan-20,12218.35,12225.05,12087.9,12106.9,526294513,19758.68
23-Jan-20,12123.75,12189,12094.1,12180.35,867653663,23829.39
24-Jan-20,12174.55,12272.15,12149.65,12248.25,593237908,18032.27
27-Jan-20,12197.1,12216.6,12107,12119,441158138,17988.61
28-Jan-20,12148.1,12163.55,12024.5,12055.8,478484057,20917.62
29-Jan-20,12114.9,12169.6,12103.8,12129.5,514362340,20646.18
30-Jan-20,12147.75,12150.3,12010.6,12035.8,538138743,19372.67
31-Jan-20,12100.4,12103.55,11945.85,11962.1,771278258,26044.91
01-Feb-20,11939,12017.35,11633.3,11661.85,537634767,20598.12
03-Feb-20,11627.45,11749.85,11614.5,11707.9,669815788,25415.26
04-Feb-20,11786.25,11986.15,11783.4,11979.65,560430291,22338.5
05-Feb-20,12005.85,12098.15,11953.35,12089.15,758032580,22998.05
06-Feb-20,12120,12160.6,12084.65,12137.95,565116236,21735.92
07-Feb-20,12151.15,12154.7,12073.95,12098.35,473475144,16339.61
10-Feb-20,12102.35,12103.55,11990.75,12031.5,525674715,17185.14
11-Feb-20,12108.4,12172.3,12099,12107.9,480491557,16209.52
12-Feb-20,12151,12231.75,12144.3,12201.2,412399174,16598.33
13-Feb-20,12219.55,12225.65,12139.8,12174.65,501510138,16315.27
14-Feb-20,12190.15,12246.7,12091.2,12113.45,623053270,20759.51
17-Feb-20,12131.8,12159.6,12037,12045.8,455412408,15439.55
18-Feb-20,12028.25,12030.75,11908.05,11992.5,677307424,18853
19-Feb-20,12090.6,12134.7,12042.1,12125.9,514030605,17610.89
20-Feb-20,12119,12152,12071.45,12080.85,502875583,18831.51
24-Feb-20,12012.55,12012.55,11813.4,11829.4,491224913,19421.04
25-Feb-20,11877.5,11883.05,11779.9,11797.9,461349973,18510.82
26-Feb-20,11738.55,11783.25,11639.6,11678.5,567990976,21887.07
27-Feb-20,11661.25,11663.85,11536.7,11633.3,609266324,21623.47
28-Feb-20,11382,11384.8,11175.05,11201.75,810523106,32297.15
02-Mar-20,11387.35,11433,11036.25,11132.75,681148567,24204.55
03-Mar-20,11217.55,11342.25,11152.55,11303.3,696919348,23281.2
04-Mar-20,11351.35,11356.6,11082.15,11251,798021596,26928.46
05-Mar-20,11306.05,11389.5,11244.6,11269,1353209029,26980.65
06-Mar-20,10942.65,11035.1,10827.4,10989.45,1811564187,26455.29
09-Mar-20,10742.05,10751.55,10294.45,10451.45,1566119057,35151.79
11-Mar-20,10334.3,10545.1,10334,10458.4,1219079693,32548.47
12-Mar-20,10039.95,10040.75,9508,9590.15,1344263317,39283.97
13-Mar-20,9107.6,10159.4,8555.15,9955.2,1389061775,44167.89
16-Mar-20,9587.8,9602.2,9165.1,9197.4,898523271,29181.8
17-Mar-20,9285.4,9403.8,8915.6,8967.05,936185892,28004.16
18-Mar-20,9088.45,9127.55,8407.05,8468.8,1517275761,39256.71
19-Mar-20,8063.3,8575.45,7832.55,8263.45,926508824,34274.23
20-Mar-20,8284.45,8883,8178.2,8745.45,1072263600,37321.25
23-Mar-20,7945.7,8159.25,7583.6,7610.25,654151814,23891.9
24-Mar-20,7848.3,8036.95,7511.1,7801.05,739354439,28282.09
25-Mar-20,7735.15,8376.75,7714.75,8317.85,738114713,28482.01
26-Mar-20,8451,8749.05,8304.9,8641.45,866534643,32228.31
27-Mar-20,8949.1,9038.9,8522.9,8660.25,801923401,31336.86
30-Mar-20,8385.95,8576,8244,8281.1,593953051,24724.44
31-Mar-20,8529.35,8678.3,8358,8597.75,713390935,27401.3
01-Apr-20,8584.1,8588.1,8198.35,8253.8,507509685,21307.3
03-Apr-20,8356.55,8356.55,8055.8,8083.8,697752438,26561.18
07-Apr-20,8446.3,8819.4,8360.95,8792.2,815245226,35206.69
08-Apr-20,8688.9,9131.7,8653.9,8748.75,897562690,37641.68
09-Apr-20,8973.05,9128.35,8904.55,9111.9,743036134,32907.82
13-Apr-20,9103.95,9112.05,8912.4,8993.85,644468815,26749.06
15-Apr-20,9196.4,9261.2,8874.1,8925.3,880159358,41878.64
16-Apr-20,8851.25,9053.75,8821.9,8992.8,720116479,31318.29
17-Apr-20,9323.45,9324,9091.35,9266.75,684910520,33334.73
20-Apr-20,9390.2,9390.85,9230.8,9261.85,726364699,28620.91
21-Apr-20,9016.95,9044.4,8909.4,8981.45,655122903,28273.89
22-Apr-20,9026.75,9209.75,8946.25,9187.3,734383388,33981.82
23-Apr-20,9232.35,9343.6,9170.15,9313.9,666650462,30270.55
24-Apr-20,9163.9,9296.9,9141.3,9154.4,659439249,32859.05
27-Apr-20,9259.7,9377.1,9250.35,9282.3,512793298,26696.54
28-Apr-20,9389.8,9404.4,9260,9380.9,614548983,30091.41
29-Apr-20,9408.6,9599.85,9392.35,9553.35,653026950,31673.23
30-Apr-20,9753.5,9889.05,9731.5,9859.9,931173802,39332.46
04-May-20,9533.5,9533.5,9266.95,9293.5,687487134,29785.95
05-May-20,9429.4,9450.9,9190.75,9205.6,725196178,29700.2
06-May-20,9226.8,9346.9,9116.5,9270.9,722185448,30798.1
07-May-20,9234.05,9277.85,9175.9,9199.05,708740416,59705.53
08-May-20,9376.95,9382.65,9238.2,9251.5,609053504,30743.45
11-May-20,9348.15,9439.9,9219.95,9239.2,704647074,31048.47
12-May-20,9168.85,9240.85,9043.95,9196.55,805458787,37706.27
13-May-20,9584.2,9584.5,9351.1,9383.55,846395245,36488.9
14-May-20,9213.95,9281.1,9119.75,9142.75,602555564,29541.59
15-May-20,9182.4,9182.4,9050,9136.85,575857112,25847.33
18-May-20,9158.3,9158.3,8806.75,8823.25,772983297,33347.46
19-May-20,8961.7,9030.35,8855.3,8879.1,762152894,32026.94
20-May-20,8889.15,9093.8,8875.35,9066.55,622308140,30721.99
21-May-20,9079.45,9178.55,9056.1,9106.25,631542699,28303.51
22-May-20,9067.9,9149.6,8968.55,9039.25,675759336,31625.47
26-May-20,9099.75,9161.65,8996.65,9029.05,654959960,30871.59
27-May-20,9082.2,9334,9004.25,9314.95,763492487,34603.88
28-May-20,9364.95,9511.25,9336.5,9490.1,837911425,37761.91
29-May-20,9422.2,9598.85,9376.9,9580.3,967005438,45006.25
01-Jun-20,9726.85,9931.6,9706.95,9826.15,794183122,38096.92
02-Jun-20,9880.85,9995.6,9824.05,9979.1,770192848,36723.11
03-Jun-20,10108.3,10176.2,10035.55,10061.55,794664422,38343.61
04-Jun-20,10054.25,10123.85,9944.25,10029.1,775106567,36399.04
05-Jun-20,10093.8,10177.8,10040.75,10142.15,987122302,37824.63
08-Jun-20,10326.75,10328.5,10120.25,10167.45,936485541,37819.06
09-Jun-20,10181.15,10291.15,10021.45,10046.65,754217460,36201.05
10-Jun-20,10072.6,10148.75,10036.85,10116.15,632383068,28485.47
11-Jun-20,10094.1,10112.05,9885.05,9902,715453486,30813.85
12-Jun-20,9544.95,9996.05,9544.35,9972.9,796306399,36505.77
15-Jun-20,9919.35,9943.35,9726.35,9813.7,716053036,31926.65
16-Jun-20,10014.8,10046.15,9728.5,9914,899895044,36257.89
17-Jun-20,9876.7,10003.6,9833.8,9881.15,685418390,30700.69
18-Jun-20,9863.25,10111.2,9845.05,10091.65,622895963,28594.32
19-Jun-20,10119,10272.4,10072.65,10244.4,892096343,48103.56
22-Jun-20,10318.75,10393.65,10277.6,10311.2,685385093,35529.8
23-Jun-20,10347.95,10484.7,10301.75,10471,669195109,34148.13
24-Jun-20,10529.25,10553.15,10281.95,10305.3,854799801,41394.45
25-Jun-20,10235.55,10361.8,10194.5,10288.9,994190886,41726.07
26-Jun-20,10378.9,10409.85,10311.25,10383,671910159,31841.68
29-Jun-20,10311.95,10337.95,10223.6,10312.4,574544482,27019.46
30-Jun-20,10382.6,10401.05,10267.35,10302.1,556238560,27342.55
01-Jul-20,10323.8,10447.05,10299.6,10430.05,573550127,28736.28
02-Jul-20,10493.05,10598.2,10485.55,10551.7,597423931,31235.17
03-Jul-20,10614.95,10631.3,10562.65,10607.35,525190704,25186.39
06-Jul-20,10723.85,10811.4,10695.1,10763.65,571212914,29857.54
07-Jul-20,10802.85,10813.8,10689.7,10799.65,636764929,36502.37
08-Jul-20,10818.65,10847.85,10676.55,10705.75,767941333,37676.34
09-Jul-20,10755.55,10836.85,10733,10813.45,618652409,31315.87
10-Jul-20,10764.1,10819.4,10713,10768.05,590705425,31557.58
13-Jul-20,10851.85,10894.05,10756.05,10802.7,554050579,30606.3
14-Jul-20,10750.85,10755.65,10562.9,10607.35,532368699,30902.47
15-Jul-20,10701,10827.45,10577.75,10618.2,715901258,42376.03
16-Jul-20,10706.2,10755.3,10595.2,10739.95,694402635,41453.95
17-Jul-20,10752,10933.45,10749.65,10901.7,676881092,35592.83
20-Jul-20,10999.45,11037.9,10953,11022.2,554306867,32738.64
21-Jul-20,11126.1,11179.55,11113.25,11162.25,771998838,42461.89
22-Jul-20,11231.2,11238.1,11056.55,11132.6,765074288,41068.72
23-Jul-20,11135,11239.8,11103.15,11215.45,621575333,32744.93
24-Jul-20,11149.95,11225.4,11090.3,11194.15,678935175,40217.17
27-Jul-20,11225,11225,11087.85,11131.8,588148687,34539.73
28-Jul-20,11154.1,11317.75,11151.4,11300.55,683891350,38677.47
29-Jul-20,11276.9,11341.4,11149.75,11202.85,600726301,38726.02
30-Jul-20,11254.3,11299.95,11084.95,11102.15,677761342,39150.44
31-Jul-20,11139.5,11150.4,11026.65,11073.45,642560311,36220.09
03-Aug-20,11057.55,11058.05,10882.25,10891.6,680929323,31149.94
04-Aug-20,10946.65,11112.25,10908.1,11095.25,625738313,35357.96
05-Aug-20,11155.75,11225.65,11064.05,11101.65,667639446,34894.58
06-Aug-20,11185.7,11256.8,11127.3,11200.15,600374615,31501.08
07-Aug-20,11186.65,11231.9,11142.05,11214.05,452629891,27054.43
10-Aug-20,11270.25,11337.3,11238,11270.15,491999534,29108.25
11-Aug-20,11322.25,11373.6,11299.15,11322.5,586084846,30314.89
12-Aug-20,11289,11322,11242.65,11308.4,609858960,28088.09
13-Aug-20,11334.85,11359.3,11269.95,11300.45,562355175,26500.52
14-Aug-20,11353.3,11366.25,11111.45,11178.4,645109756,31059.23
17-Aug-20,11248.9,11267.1,11144.5,11247.1,633963958,27468.67
18-Aug-20,11259.8,11401.7,11253.15,11385.35,579242492,27267.51
19-Aug-20,11452.15,11460.35,11394.1,11408.4,626217997,27528.12
20-Aug-20,11317.45,11361.45,11289.8,11312.2,791587770,27676.18
21-Aug-20,11409.65,11418.5,11362.2,11371.6,668719170,26294.26
24-Aug-20,11412,11497.25,11410.65,11466.45,532900535,28920.84
25-Aug-20,11513.1,11525.9,11423.35,11472.25,638152608,28742.82
26-Aug-20,11512.85,11561.75,11461.85,11549.6,743442521,34852.01
27-Aug-20,11609.3,11617.35,11540.6,11559.25,719776490,31580.61
28-Aug-20,11602.95,11686.05,11589.4,11647.6,806997707,39349.92
31-Aug-20,11777.55,11794.25,11325.85,11387.5,1371789450,61668.55
01-Sep-20,11464.3,11553.55,11366.9,11470.25,783769555,36752.54
02-Sep-20,11478.55,11554.75,11430.4,11535,593494423,27454.65
03-Sep-20,11566.2,11584.95,11507.65,11527.45,607115212,26868.26
04-Sep-20,11354.4,11452.05,11303.65,11333.85,681338905,31746.86
07-Sep-20,11359.6,11381.15,11251.7,11355.05,560322964,25959.82
08-Sep-20,11378.55,11437.25,11290.45,11317.35,572239350,27979.7
09-Sep-20,11218.6,11298.15,11185.15,11278,728880693,32660.67
10-Sep-20,11363.3,11464.05,11327.4,11449.25,679419973,39239.1
11-Sep-20,11447.8,11493.5,11419.9,11464.45,554789157,29614.09
14-Sep-20,11540.15,11568.9,11383.55,11440.05,642270123,33996.94
15-Sep-20,11487.2,11535.95,11442.25,11521.8,506667239,28054.51
16-Sep-20,11538.45,11618.1,11516.75,11604.55,527804775,27629.71
17-Sep-20,11539.4,11587.2,11498.5,11516.1,517729494,29674.95
18-Sep-20,11584.1,11584.1,11446.1,11504.95,764154094,48698.68
21-Sep-20,11503.8,11535.25,11218.5,11250.55,602851737,37213.23
22-Sep-20,11301.75,11302.2,11084.65,11153.65,672249921,36296.49
23-Sep-20,11258.75,11259.55,11024.4,11131.85,714925847,35542.98
24-Sep-20,11011,11015.3,10790.2,10805.55,706139506,33623.71
25-Sep-20,10910.4,11072.6,10854.85,11050.25,559597322,31122.18
28-Sep-20,11140.85,11239.35,11099.85,11227.55,472777324,24361.17
29-Sep-20,11288.6,11305.4,11181,11222.4,498295735,26875.14
30-Sep-20,11244.45,11295.4,11184.55,11247.55,499343849,28134.77
01-Oct-20,11364.45,11428.6,11347.05,11416.95,447740006,26212.72
05-Oct-20,11487.8,11578.05,11452.3,11503.35,530597393,31341.55
06-Oct-20,11603.45,11680.3,11564.3,11662.4,561444728,30373.65
07-Oct-20,11679.25,11763.05,11629.35,11738.85,513367516,32935.98
08-Oct-20,11835.4,11905.7,11791.15,11834.6,608768573,38677.49
09-Oct-20,11852.05,11938.6,11805.2,11914.2,611079482,34546.8
12-Oct-20,11973.55,12022.05,11867.2,11930.95,522627571,26586.47
13-Oct-20,11934.65,11988.2,11888.9,11934.5,458304851,29403.22
14-Oct-20,11917.4,11997.2,11822.15,11971.05,569245407,29940.62
15-Oct-20,12023.45,12025.45,11661.3,11680.35,608865041,35175.92
16-Oct-20,11727.4,11789.75,11667.85,11762.45,555764762,30439.19
19-Oct-20,11879.2,11898.25,11820.4,11873.05,541420990,29888.6
20-Oct-20,11861,11949.25,11837.25,11896.8,453560934,28367.34
21-Oct-20,11958.55,12018.65,11775.75,11937.65,623658140,37477.13
22-Oct-20,11890,11939.55,11823.45,11896.45,544901152,33013.17
23-Oct-20,11957.9,11974.55,11908.75,11930.35,502340361,27424.61
26-Oct-20,11937.4,11942.85,11711.7,11767.75,519815905,29316.02
27-Oct-20,11807.1,11899.05,11723,11889.4,616318543,37989.97
28-Oct-20,11922.6,11929.4,11684.85,11729.6,704018608,37025.89
29-Oct-20,11633.3,11744.15,11606.45,11670.8,554959844,30436.62
30-Oct-20,11678.45,11748.95,11535.45,11642.4,553672805,28151.58
02-Nov-20,11697.35,11725.65,11557.4,11669.15,568434165,35714.57
03-Nov-20,11734.45,11836.2,11723.3,11813.5,674303605,36363.95
04-Nov-20,11783.35,11929.65,11756.4,11908.5,667290347,38552.09
05-Nov-20,12062.4,12131.1,12027.6,12120.3,632455414,32311.46
06-Nov-20,12156.65,12280.4,12131.85,12263.55,576837602,34965.94
09-Nov-20,12399.4,12474.05,12367.35,12461.05,553449924,34255.11
10-Nov-20,12556.4,12643.9,12475.25,12631.1,847450692,51247.01
11-Nov-20,12680.6,12769.75,12571.1,12749.15,880475468,54744.55
12-Nov-20,12702.15,12741.15,12624.85,12690.8,622017762,36794.24
13-Nov-20,12659.7,12735.95,12607.7,12719.95,513948665,34568.65
14-Nov-20,12823.35,12828.7,12749.45,12780.25,107868139,5189.38
17-Nov-20,12932.5,12934.05,12797.1,12874.2,707676873,40977.03
18-Nov-20,12860.1,12948.85,12819.35,12938.25,731321438,39856.45
19-Nov-20,12839.5,12963,12745.75,12771.7,768751782,44747.08
20-Nov-20,12813.4,12892.45,12730.25,12859.05,663997267,42992.15
23-Nov-20,12960.3,12968.85,12825.7,12926.45,633117401,42031.38
24-Nov-20,13002.6,13079.1,12978,13055.15,571864976,37094.23
25-Nov-20,13130,13145.85,12833.65,12858.4,679005507,37401.36
26-Nov-20,12906.45,13018,12790.4,12987,549798925,34624.15
27-Nov-20,13012.05,13035.3,12914.3,12968.95,1162360673,78522.93
01-Dec-20,13062.2,13128.4,12962.8,13109.05,583633902,32917.26
02-Dec-20,13121.4,13128.5,12983.55,13113.75,717711761,34008.74
03-Dec-20,13215.3,13216.6,13107.9,13133.9,713688035,39627.71
04-Dec-20,13177.4,13280.05,13152.85,13258.55,640514315,36428.05
07-Dec-20,13264.85,13366.65,13241.95,13355.75,591722966,33578.64
08-Dec-20,13393.85,13435.45,13311.05,13392.95,543165361,33755.81
09-Dec-20,13458.1,13548.9,13449.6,13529.1,502605319,28726.97
10-Dec-20,13488.5,13503.55,13399.3,13478.3,553402501,30400.2
11-Dec-20,13512.3,13579.35,13402.85,13513.85,787707481,33696.57
14-Dec-20,13571.45,13597.5,13472.45,13558.15,558390043,28133.58
15-Dec-20,13547.2,13589.65,13447.05,13567.85,497600393,30828.33
16-Dec-20,13663.1,13692.35,13606.45,13682.7,462151091,27460.18
17-Dec-20,13713.55,13773.25,13673.55,13740.7,416008520,27712.93
18-Dec-20,13764.4,13772.85,13658.6,13760.55,519393189,34803.3
21-Dec-20,13741.9,13777.5,13131.45,13328.4,687255400,38243.62
22-Dec-20,13373.65,13492.05,13192.9,13466.3,696197300,36328.33
23-Dec-20,13473.5,13619.45,13432.2,13601.1,458651819,27073.45
24-Dec-20,13672.15,13771.75,13626.9,13749.25,471367730,24764.35
28-Dec-20,13815.15,13885.3,13811.55,13873.2,403634030,20923.06
29-Dec-20,13910.35,13967.6,13859.9,13932.6,439593961,25154.23
30-Dec-20,13980.9,13997,13864.95,13981.95,380681073,24633.12
31-Dec-20,13970,14024.85,13936.45,13981.75,452410109,26305.82
01-Jan-21,13996.1,14049.85,13991.35,14018.5,258090905,15873.75
04-Jan-21,14104.35,14147.95,13953.75,14132.9,494999295,28705.09
05-Jan-21,14075.15,14215.6,14048.15,14199.5,492475349,30872.87
06-Jan-21,14240.95,14244.15,14039.9,14146.25,632323316,34615.55
07-Jan-21,14253.75,14256.25,14123.1,14137.35,559173512,33446.47
08-Jan-21,14258.4,14367.3,14221.65,14347.25,613472067,37615.19
11-Jan-21,14474.05,14498.2,14383.1,14484.75,672878543,40186.21
12-Jan-21,14473.8,14590.65,14432.85,14563.45,929566952,44976.12
13-Jan-21,14639.8,14653.35,14435.7,14564.85,873956688,44682.93
14-Jan-21,14550.05,14617.8,14471.5,14595.6,620194977,37534.37
15-Jan-21,14594.35,14617.45,14357.85,14433.7,789557216,39912.18
18-Jan-21,14453.3,14459.15,14222.8,14281.3,762043554,41716.22
19-Jan-21,14371.65,14546.05,14350.85,14521.15,546108304,33084.79
20-Jan-21,14538.3,14666.45,14517.55,14644.7,623069963,34639.36
21-Jan-21,14730.95,14753.55,14517.25,14590.35,704646957,41939.04
22-Jan-21,14583.4,14619.9,14357.75,14371.9,776750347,45322.54
25-Jan-21,14477.8,14491.1,14218.6,14238.9,618631493,42278.39
27-Jan-21,14237.95,14237.95,13929.3,13967.5,660711117,40579.24
28-Jan-21,13810.4,13898.25,13713.25,13817.55,637871621,39881.82
29-Jan-21,13946.6,13966.85,13596.75,13634.6,753206122,46918.29
01-Feb-21,13758.6,14336.35,13661.75,14281.2,870529495,51840.22
02-Feb-21,14481.1,14731.7,14469.15,14647.85,914965225,58177.74
03-Feb-21,14754.9,14868.85,14574.15,14789.95,869477087,49312.35
04-Feb-21,14789.05,14913.7,14714.75,14895.65,884686415,47811.8
05-Feb-21,14952.6,15014.65,14864.75,14924.25,935629058,54394.63
08-Feb-21,15064.3,15159.9,15041.05,15115.8,671242694,40483.96
09-Feb-21,15164.15,15257.1,15064.3,15109.3,713279133,41930.72
10-Feb-21,15119.05,15168.25,14977.2,15106.5,624791133,40707.97
11-Feb-21,15073.25,15188.5,15065.4,15173.3,500122414,30933.44
12-Feb-21,15186.2,15243.5,15081,15163.3,571808807,32304.24
15-Feb-21,15270.3,15340.15,15243.4,15314.7,455959720,28955.29
16-Feb-21,15371.45,15431.75,15242.2,15313.45,648545320,36550.03
17-Feb-21,15279.9,15314.3,15170.75,15208.9,504767226,34073.12
18-Feb-21,15238.7,15250.75,15078.05,15118.95,770629541,37093.99
19-Feb-21,15074.8,15144.05,14898.2,14981.75,712213821,37419.34
22-Feb-21,14999.05,15010.1,14635.05,14675.7,609898454,37578.07
23-Feb-21,14782.25,14854.5,14651.85,14707.8,744092809,39508.09
24-Feb-21,14729.15,15008.8,14723.05,14982,403754669,23723.99
25-Feb-21,15079.85,15176.5,15065.35,15097.35,803883875,42983.07
26-Feb-21,14888.6,14919.45,14467.75,14529.15,1103644519,65012.96
01-Mar-21,14702.5,14806.8,14638.55,14761.55,507302977,30030.57
02-Mar-21,14865.3,14959.1,14760.8,14919.1,621723916,34647.26
03-Mar-21,15064.4,15273.15,14995.8,15245.6,544205583,34567.73
04-Mar-21,15026.75,15202.35,14980.2,15080.75,534850447,36036.02
05-Mar-21,14977.95,15092.35,14862.1,14938.1,640700362,37811.6
08-Mar-21,15002.45,15111.15,14919.9,14956.2,580308065,29518.07
09-Mar-21,15049.9,15126.85,14925.45,15098.4,675271251,38365.48
10-Mar-21,15202.15,15218.45,15100.85,15174.8,404585756,25603.32
12-Mar-21,15321.15,15336.3,14953.6,15030.95,493238854,32195.96
15-Mar-21,15048.4,15048.4,14745.85,14929.5,467473367,28118
16-Mar-21,14996.1,15051.6,14890.65,14910.45,437651327,27975.07
17-Mar-21,14946.55,14956.55,14696.05,14721.3,479352147,27983.5
18-Mar-21,14855.5,14875.2,14478.6,14557.85,542216908,31339.71
19-Mar-21,14471.15,14788.25,14350.1,14744,919178208,49011.27
22-Mar-21,14736.3,14763.9,14597.85,14736.4,458997059,27345.02
23-Mar-21,14768.55,14878.6,14707,14814.75,474150088,30322.09
24-Mar-21,14712.45,14752.35,14535,14549.4,456403503,27868.93
25-Mar-21,14570.9,14575.6,14264.4,14324.9,606820996,35350.22
26-Mar-21,14506.3,14572.9,14414.25,14507.3,481000845,29423.45
30-Mar-21,14628.5,14876.3,14617.6,14845.1,594520567,35117.93
31-Mar-21,14811.85,14813.75,14670.25,14690.7,436874691,29741.83
01-Apr-21,14798.4,14883.2,14692.45,14867.35,430028476,29585.23
05-Apr-21,14837.7,14849.85,14459.5,14637.8,500476690,33885.39
06-Apr-21,14737,14779.1,14573.9,14683.5,474211156,31885.97
07-Apr-21,14716.45,14879.8,14649.85,14819.05,476382016,35184.96
08-Apr-21,14875.65,14984.15,14821.1,14873.8,503728173,34444.56
09-Apr-21,14882.65,14918.45,14785.65,14834.85,498347599,35010.36
12-Apr-21,14644.65,14652.5,14248.7,14310.8,638475842,43433.24
13-Apr-21,14364.9,14528.9,14274.9,14504.8,588666016,40846.57
15-Apr-21,14522.4,14597.55,14353.2,14581.45,556851211,40177.25
16-Apr-21,14599.6,14697.7,14559,14617.85,568568743,36653.65
19-Apr-21,14306.6,14382.3,14191.4,14359.45,503142904,34751.95
20-Apr-21,14526.7,14526.95,14207.3,14296.4,456704716,34687.11
22-Apr-21,14219.15,14424.75,14151.4,14406.15,516985252,37235.71
23-Apr-21,14326.35,14461.15,14273.3,14341.35,476613608,31894.66
26-Apr-21,14449.45,14557.5,14421.3,14485,448533329,33156.16
27-Apr-21,14493.8,14667.55,14484.85,14653.05,442211685,32181.14
28-Apr-21,14710.5,14890.25,14694.95,14864.55,453990807,37650.11
29-Apr-21,14979,15044.35,14814.45,14894.9,511466673,41597.37
30-Apr-21,14747.35,14855.45,14601.7,14631.1,594744498,40335.86
03-May-21,14481.05,14673.85,14416.25,14634.15,443410846,32538.97
04-May-21,14687.25,14723.4,14461.5,14496.5,479657079,34024.77
05-May-21,14604.15,14637.9,14506.6,14617.85,437261063,28942.47
06-May-21,14668.35,14743.9,14611.5,14724.8,445281496,31015.95
07-May-21,14816.85,14863.05,14765.5,14823.15,483677266,33583.37
10-May-21,14928.25,14966.9,14892.5,14942.35,510598577,31620.64
11-May-21,14789.7,14900,14771.4,14850.75,616204478,32955.82
12-May-21,14823.55,14824.05,14649.7,14696.5,620318215,32035.23
14-May-21,14749.4,14749.65,14591.9,14677.8,602738614,39176.28
17-May-21,14756.25,14938,14725.35,14923.15,534516176,35571.28
18-May-21,15067.2,15137.25,15043.7,15108.1,571923125,35634.73
19-May-21,15058.6,15133.4,15008.85,15030.15,563293717,31100.21
20-May-21,15042.6,15069.8,14884.9,14906.05,467455658,28002.53
21-May-21,14987.8,15190,14985.85,15175.3,557730470,31921.76
24-May-21,15211.35,15256.25,15145.45,15197.7,566722866,32061.04
25-May-21,15291.75,15293.85,15163.4,15208.45,417323446,26871.99
26-May-21,15257.05,15319.9,15194.95,15301.45,377682051,26187.83
27-May-21,15323.95,15384.55,15272.5,15337.85,682374351,48219.93
28-May-21,15421.2,15469.65,15394.75,15435.65,455582440,32992.08
31-May-21,15437.75,15606.35,15374,15582.8,435999456,32739.29
01-Jun-21,15629.65,15660.75,15528.3,15574.85,409562322,27964.09
02-Jun-21,15520.35,15597.45,15459.85,15576.2,428641666,28781.87
03-Jun-21,15655.55,15705.1,15611,15690.35,410240584,27519.48
04-Jun-21,15712.5,15733.6,15622.35,15670.25,414162241,25363.03
07-Jun-21,15725.1,15773.45,15678.1,15751.65,393970049,25411.48
08-Jun-21,15773.9,15778.8,15680,15740.1,378164658,24172.13
09-Jun-21,15766.3,15800.45,15566.9,15635.35,457855735,26926.49
10-Jun-21,15692.1,15751.25,15648.5,15737.75,298297041,23032.9
11-Jun-21,15796.45,15835.55,15749.8,15799.35,363011297,24591.69
14-Jun-21,15791.4,15823.05,15606.5,15811.85,392862037,28001.5
15-Jun-21,15866.95,15901.6,15842.4,15869.25,323262818,22181.26
16-Jun-21,15847.5,15880.85,15742.6,15767.55,340191175,22505.95
17-Jun-21,15648.3,15769.35,15616.75,15691.4,357649243,26048.47
18-Jun-21,15756.5,15761.5,15450.9,15683.35,640821642,42024.55
21-Jun-21,15525.85,15765.15,15505.65,15746.5,351530072,22525.89
22-Jun-21,15840.5,15895.75,15752.1,15772.75,322237561,24440.47
23-Jun-21,15862.8,15862.95,15673.95,15686.95,287536735,23222.94
24-Jun-21,15737.3,15821.4,15702.7,15790.45,316662241,29623.58
25-Jun-21,15839.35,15870.8,15772.3,15860.35,314614380,26933.22
28-Jun-21,15915.35,15915.65,15792.15,15814.7,255099272,18713.41
29-Jun-21,15807.5,15835.9,15724.05,15748.45,360334724,24392.13
30-Jun-21,15776.9,15839.1,15708.75,15721.5,262386323,20379.76
01-Jul-21,15755.05,15755.55,15667.05,15680,224921644,17359.97
02-Jul-21,15705.85,15738.35,15635.95,15722.2,254808999,18015.42
05-Jul-21,15793.4,15845.95,15762.05,15834.35,207032153,14976.54
06-Jul-21,15813.75,15914.2,15801,15818.25,391410742,24456.05
07-Jul-21,15819.6,15893.55,15779.7,15879.65,329308646,22259.96
08-Jul-21,15855.4,15885.75,15682.9,15727.9,307928495,19597.95
09-Jul-21,15688.25,15730.85,15632.75,15689.8,243249366,19976.86
12-Jul-21,15766.8,15789.2,15644.75,15692.6,216272488,18482.89
13-Jul-21,15794,15820.8,15744.6,15812.35,246676549,18205.97
14-Jul-21,15808.7,15877.35,15764.2,15853.95,239924352,18372.84
15-Jul-21,15872.15,15952.35,15855,15924.2,284851049,20961.37
16-Jul-21,15958.35,15962.25,15882.6,15923.4,276298105,18758.13
19-Jul-21,15754.5,15836.9,15707.5,15752.4,242131813,18088.78
20-Jul-21,15703.95,15728.45,15578.55,15632.1,274284165,21329.55
22-Jul-21,15736.6,15834.8,15726.4,15824.05,265250867,23988.39
23-Jul-21,15856.8,15899.8,15768.4,15856.05,294098244,20685.82
26-Jul-21,15849.3,15893.35,15797,15824.45,267076679,19487.18
27-Jul-21,15860.5,15881.55,15701,15746.45,311012065,26117.34
28-Jul-21,15761.55,15767.5,15513.45,15709.4,318601589,26090.48
29-Jul-21,15762.7,15817.35,15737.8,15778.45,401584915,29460.54
30-Jul-21,15800.6,15862.8,15744.85,15763.05,400021237,30539.63
02-Aug-21,15874.9,15892.9,15834.65,15885.15,244847433,20766.99
03-Aug-21,15951.55,16146.9,15914.35,16130.75,341289658,26373.24
04-Aug-21,16195.25,16290.2,16176.15,16258.8,427337644,32434.78
05-Aug-21,16288.95,16349.45,16210.3,16294.6,418174517,31386.78
06-Aug-21,16304.4,16336.75,16223.3,16238.2,320087281,24716.17
09-Aug-21,16281.35,16320.75,16179.05,16258.25,240452917,18302.03
10-Aug-21,16274.8,16359.25,16202.25,16280.1,287989486,22600.38
11-Aug-21,16327.3,16338.75,16162.55,16282.25,277895886,20306.59
12-Aug-21,16303.65,16375.5,16286.9,16364.4,280181324,18548.87
13-Aug-21,16385.7,16543.6,16376.3,16529.1,321866286,27163.08
16-Aug-21,16518.4,16589.4,16480.75,16563.05,254049330,21456.2
17-Aug-21,16545.25,16628.55,16495.4,16614.6,297388470,25696.44
18-Aug-21,16691.95,16701.85,16535.85,16568.85,251796822,22721.54
20-Aug-21,16382.5,16509.55,16376.05,16450.5,350819323,30118.23
23-Aug-21,16592.25,16592.5,16395.7,16496.45,275597782,24355.77
24-Aug-21,16561.4,16647.1,16495.3,16624.6,275362819,24992.32
25-Aug-21,16654,16712.45,16617.5,16634.65,265920141,22210.6
26-Aug-21,16627.95,16683.7,16603.4,16636.9,253530997,22320.21
27-Aug-21,16642.55,16722.05,16565.6,16705.2,217405743,20499.85
30-Aug-21,16775.85,16951.5,16764.85,16931.05,283483108,23615.87
31-Aug-21,16947.5,17153.5,16915.85,17132.2,464390247,40147.89
01-Sep-21,17185.6,17225.75,17055.05,17076.25,301894634,27691.93
02-Sep-21,17095.4,17245.5,17059.7,17234.15,242377518,22620.36
03-Sep-21,17262.45,17340.1,17212.2,17323.6,261373795,23579.17
06-Sep-21,17399.35,17429.55,17345.55,17377.8,228045532,21270.62
07-Sep-21,17401.55,17436.5,17287,17362.1,243417811,19848.94
08-Sep-21,17375.75,17383.4,17254.2,17353.5,252652423,22696.35
09-Sep-21,17312.85,17379.65,17302.7,17369.25,241509352,17719.78
